sweep,arm,rep,utc_start,wall_s,build_label,build_sha,build_dir,device,model,models_path,call_path,echo,test_variant,test_file_sha256,tests,outcome,exit_code,crash_kind,last_step,n_tests,n_passed,n_failed,n_skipped,case_outcomes,failure_detail,string_prompt_present,chat_history_prompt_present,add_request_prompt_present,string_result_type,chat_history_result_type,add_request_generated_id_count,add_request_negative_ids,echo_text_sha256,result_text_sha256,result_line,prompt_token_count,load_s,peak_rss_mb,build_type,generator,tokenizers_submodule,ov_version,transformers,optimum_intel,gpu_driver,run_artifact_id
pytest_matrix,A_prhead_shipped_cpu_open,1,20260907T172432Z,7.52,prhead,e6fced66b1b8ccc685fe9ce8c10f199f5c095418,build/pr_head/,CPU,MODEL_IDS[0],n/a:selected_by_fixture,n/a:whole_test,true:set_inside_the_test,V0_shipped.py,cd2add486410fa2b8b0719d78df128b2ebb308213161e7af7105ca140798c3a0,test_vlm_pipeline.py::test_vlm_prompt_ids_reach_sampler_for_chat_history_and_add_request,XFAIL_OR_SKIP,0,none,n/a:pytest_matrix,1,0,0,1,test_vlm_prompt_ids_reach_sampler_for_chat_history_and_add_request=skipped,AttributeError: 'DynamicCache' object has no attribute 'get_usable_length'. Ticket CVS-175110,n/a:pytest,n/a:pytest,n/a:pytest,n/a:pytest,n/a:pytest,n/a:pytest,n/a:pytest,n/a:pytest,n/a:pytest_matrix,n/a:pytest_matrix,n/a:pytest,n/a:pytest,621.6,Release,Ninja,824033c3061d73d50784872248cdb55aa04674aa,2026.5.0.dev20260903,5.0.0,2.2.0.dev0+4f1a926,32.0.101.8991,A_prhead_shipped_cpu_open_rep1_20260907T172432Z.row.json
pytest_matrix,A_prhead_shipped_cpu_open,2,20260907T172439Z,7.51,prhead,e6fced66b1b8ccc685fe9ce8c10f199f5c095418,build/pr_head/,CPU,MODEL_IDS[0],n/a:selected_by_fixture,n/a:whole_test,true:set_inside_the_test,V0_shipped.py,cd2add486410fa2b8b0719d78df128b2ebb308213161e7af7105ca140798c3a0,test_vlm_pipeline.py::test_vlm_prompt_ids_reach_sampler_for_chat_history_and_add_request,XFAIL_OR_SKIP,0,none,n/a:pytest_matrix,1,0,0,1,test_vlm_prompt_ids_reach_sampler_for_chat_history_and_add_request=skipped,AttributeError: 'DynamicCache' object has no attribute 'get_usable_length'. Ticket CVS-175110,n/a:pytest,n/a:pytest,n/a:pytest,n/a:pytest,n/a:pytest,n/a:pytest,n/a:pytest,n/a:pytest,n/a:pytest_matrix,n/a:pytest_matrix,n/a:pytest,n/a:pytest,620.5,Release,Ninja,824033c3061d73d50784872248cdb55aa04674aa,2026.5.0.dev20260903,5.0.0,2.2.0.dev0+4f1a926,32.0.101.8991,A_prhead_shipped_cpu_open_rep2_20260907T172439Z.row.json
pytest_matrix,A_prhead_shipped_cpu_open,3,20260907T172447Z,7.5,prhead,e6fced66b1b8ccc685fe9ce8c10f199f5c095418,build/pr_head/,CPU,MODEL_IDS[0],n/a:selected_by_fixture,n/a:whole_test,true:set_inside_the_test,V0_shipped.py,cd2add486410fa2b8b0719d78df128b2ebb308213161e7af7105ca140798c3a0,test_vlm_pipeline.py::test_vlm_prompt_ids_reach_sampler_for_chat_history_and_add_request,XFAIL_OR_SKIP,0,none,n/a:pytest_matrix,1,0,0,1,test_vlm_prompt_ids_reach_sampler_for_chat_history_and_add_request=skipped,AttributeError: 'DynamicCache' object has no attribute 'get_usable_length'. Ticket CVS-175110,n/a:pytest,n/a:pytest,n/a:pytest,n/a:pytest,n/a:pytest,n/a:pytest,n/a:pytest,n/a:pytest,n/a:pytest_matrix,n/a:pytest_matrix,n/a:pytest,n/a:pytest,620.5,Release,Ninja,824033c3061d73d50784872248cdb55aa04674aa,2026.5.0.dev20260903,5.0.0,2.2.0.dev0+4f1a926,32.0.101.8991,A_prhead_shipped_cpu_open_rep3_20260907T172447Z.row.json
pytest_matrix,A_base_shipped_cpu,1,20260907T172454Z,7.55,base,c9fff70b9f960bdb0c484fe0c2c1bed9d697bbaf,build/merge_base/,CPU,MODEL_IDS[0],n/a:selected_by_fixture,n/a:whole_test,true:set_inside_the_test,V0_shipped.py,cd2add486410fa2b8b0719d78df128b2ebb308213161e7af7105ca140798c3a0,test_vlm_pipeline.py::test_vlm_prompt_ids_reach_sampler_for_chat_history_and_add_request,XFAIL_OR_SKIP,0,none,n/a:pytest_matrix,1,0,0,1,test_vlm_prompt_ids_reach_sampler_for_chat_history_and_add_request=skipped,AttributeError: 'DynamicCache' object has no attribute 'get_usable_length'. Ticket CVS-175110,n/a:pytest,n/a:pytest,n/a:pytest,n/a:pytest,n/a:pytest,n/a:pytest,n/a:pytest,n/a:pytest,n/a:pytest_matrix,n/a:pytest_matrix,n/a:pytest,n/a:pytest,620.1,Release,Ninja,824033c3061d73d50784872248cdb55aa04674aa,2026.5.0.dev20260903,5.0.0,2.2.0.dev0+4f1a926,32.0.101.8991,A_base_shipped_cpu_rep1_20260907T172454Z.row.json
pytest_matrix,A_base_shipped_cpu,2,20260907T172502Z,7.52,base,c9fff70b9f960bdb0c484fe0c2c1bed9d697bbaf,build/merge_base/,CPU,MODEL_IDS[0],n/a:selected_by_fixture,n/a:whole_test,true:set_inside_the_test,V0_shipped.py,cd2add486410fa2b8b0719d78df128b2ebb308213161e7af7105ca140798c3a0,test_vlm_pipeline.py::test_vlm_prompt_ids_reach_sampler_for_chat_history_and_add_request,XFAIL_OR_SKIP,0,none,n/a:pytest_matrix,1,0,0,1,test_vlm_prompt_ids_reach_sampler_for_chat_history_and_add_request=skipped,AttributeError: 'DynamicCache' object has no attribute 'get_usable_length'. Ticket CVS-175110,n/a:pytest,n/a:pytest,n/a:pytest,n/a:pytest,n/a:pytest,n/a:pytest,n/a:pytest,n/a:pytest,n/a:pytest_matrix,n/a:pytest_matrix,n/a:pytest,n/a:pytest,621.6,Release,Ninja,824033c3061d73d50784872248cdb55aa04674aa,2026.5.0.dev20260903,5.0.0,2.2.0.dev0+4f1a926,32.0.101.8991,A_base_shipped_cpu_rep2_20260907T172502Z.row.json
pytest_matrix,A_base_shipped_cpu,3,20260907T172509Z,8.02,base,c9fff70b9f960bdb0c484fe0c2c1bed9d697bbaf,build/merge_base/,CPU,MODEL_IDS[0],n/a:selected_by_fixture,n/a:whole_test,true:set_inside_the_test,V0_shipped.py,cd2add486410fa2b8b0719d78df128b2ebb308213161e7af7105ca140798c3a0,test_vlm_pipeline.py::test_vlm_prompt_ids_reach_sampler_for_chat_history_and_add_request,XFAIL_OR_SKIP,0,none,n/a:pytest_matrix,1,0,0,1,test_vlm_prompt_ids_reach_sampler_for_chat_history_and_add_request=skipped,AttributeError: 'DynamicCache' object has no attribute 'get_usable_length'. Ticket CVS-175110,n/a:pytest,n/a:pytest,n/a:pytest,n/a:pytest,n/a:pytest,n/a:pytest,n/a:pytest,n/a:pytest,n/a:pytest_matrix,n/a:pytest_matrix,n/a:pytest,n/a:pytest,621.7,Release,Ninja,824033c3061d73d50784872248cdb55aa04674aa,2026.5.0.dev20260903,5.0.0,2.2.0.dev0+4f1a926,32.0.101.8991,A_base_shipped_cpu_rep3_20260907T172509Z.row.json
pytest_matrix,K_prhead_v1_noenv_cpu,1,20260907T172517Z,7.51,prhead,e6fced66b1b8ccc685fe9ce8c10f199f5c095418,build/pr_head/,CPU,MODEL_IDS[0],n/a:selected_by_fixture,n/a:whole_test,true:set_inside_the_test,V1_envparam.py,81b4161dbbb6d2fe28be38981c96b46cbe5e998ca8c19ee156effc861cc9cb4e,test_vlm_pipeline.py::test_vlm_prompt_ids_reach_sampler_for_chat_history_and_add_request,XFAIL_OR_SKIP,0,none,n/a:pytest_matrix,1,0,0,1,test_vlm_prompt_ids_reach_sampler_for_chat_history_and_add_request=skipped,AttributeError: 'DynamicCache' object has no attribute 'get_usable_length'. Ticket CVS-175110,n/a:pytest,n/a:pytest,n/a:pytest,n/a:pytest,n/a:pytest,n/a:pytest,n/a:pytest,n/a:pytest,n/a:pytest_matrix,n/a:pytest_matrix,n/a:pytest,n/a:pytest,620.6,Release,Ninja,824033c3061d73d50784872248cdb55aa04674aa,2026.5.0.dev20260903,5.0.0,2.2.0.dev0+4f1a926,32.0.101.8991,K_prhead_v1_noenv_cpu_rep1_20260907T172517Z.row.json
pytest_matrix,K_prhead_v1_noenv_cpu,2,20260907T172525Z,7.52,prhead,e6fced66b1b8ccc685fe9ce8c10f199f5c095418,build/pr_head/,CPU,MODEL_IDS[0],n/a:selected_by_fixture,n/a:whole_test,true:set_inside_the_test,V1_envparam.py,81b4161dbbb6d2fe28be38981c96b46cbe5e998ca8c19ee156effc861cc9cb4e,test_vlm_pipeline.py::test_vlm_prompt_ids_reach_sampler_for_chat_history_and_add_request,XFAIL_OR_SKIP,0,none,n/a:pytest_matrix,1,0,0,1,test_vlm_prompt_ids_reach_sampler_for_chat_history_and_add_request=skipped,AttributeError: 'DynamicCache' object has no attribute 'get_usable_length'. Ticket CVS-175110,n/a:pytest,n/a:pytest,n/a:pytest,n/a:pytest,n/a:pytest,n/a:pytest,n/a:pytest,n/a:pytest,n/a:pytest_matrix,n/a:pytest_matrix,n/a:pytest,n/a:pytest,620.3,Release,Ninja,824033c3061d73d50784872248cdb55aa04674aa,2026.5.0.dev20260903,5.0.0,2.2.0.dev0+4f1a926,32.0.101.8991,K_prhead_v1_noenv_cpu_rep2_20260907T172525Z.row.json
pytest_matrix,K_prhead_v1_noenv_cpu,3,20260907T172532Z,7.51,prhead,e6fced66b1b8ccc685fe9ce8c10f199f5c095418,build/pr_head/,CPU,MODEL_IDS[0],n/a:selected_by_fixture,n/a:whole_test,true:set_inside_the_test,V1_envparam.py,81b4161dbbb6d2fe28be38981c96b46cbe5e998ca8c19ee156effc861cc9cb4e,test_vlm_pipeline.py::test_vlm_prompt_ids_reach_sampler_for_chat_history_and_add_request,XFAIL_OR_SKIP,0,none,n/a:pytest_matrix,1,0,0,1,test_vlm_prompt_ids_reach_sampler_for_chat_history_and_add_request=skipped,AttributeError: 'DynamicCache' object has no attribute 'get_usable_length'. Ticket CVS-175110,n/a:pytest,n/a:pytest,n/a:pytest,n/a:pytest,n/a:pytest,n/a:pytest,n/a:pytest,n/a:pytest,n/a:pytest_matrix,n/a:pytest_matrix,n/a:pytest,n/a:pytest,621.0,Release,Ninja,824033c3061d73d50784872248cdb55aa04674aa,2026.5.0.dev20260903,5.0.0,2.2.0.dev0+4f1a926,32.0.101.8991,K_prhead_v1_noenv_cpu_rep3_20260907T172532Z.row.json
pytest_matrix,B_prhead_gemma3_cpu,1,20260907T172540Z,8.02,prhead,e6fced66b1b8ccc685fe9ce8c10f199f5c095418,build/pr_head/,CPU,optimum-intel-internal-testing/tiny-random-gemma3,n/a:selected_by_fixture,n/a:whole_test,true:set_inside_the_test,V1_envparam.py,81b4161dbbb6d2fe28be38981c96b46cbe5e998ca8c19ee156effc861cc9cb4e,test_vlm_pipeline.py::test_vlm_prompt_ids_reach_sampler_for_chat_history_and_add_request,FAIL,1,none,n/a:pytest_matrix,1,0,1,0,test_vlm_prompt_ids_reach_sampler_for_chat_history_and_add_request=failure,AttributeError: 'openvino_genai.py_openvino_genai.GenerationResult' object has no attribute 'texts',n/a:pytest,n/a:pytest,n/a:pytest,n/a:pytest,n/a:pytest,n/a:pytest,n/a:pytest,n/a:pytest,n/a:pytest_matrix,n/a:pytest_matrix,n/a:pytest,n/a:pytest,798.2,Release,Ninja,824033c3061d73d50784872248cdb55aa04674aa,2026.5.0.dev20260903,5.0.0,2.2.0.dev0+4f1a926,32.0.101.8991,B_prhead_gemma3_cpu_rep1_20260907T172540Z.row.json
pytest_matrix,B_prhead_gemma3_cpu,2,20260907T172548Z,8.01,prhead,e6fced66b1b8ccc685fe9ce8c10f199f5c095418,build/pr_head/,CPU,optimum-intel-internal-testing/tiny-random-gemma3,n/a:selected_by_fixture,n/a:whole_test,true:set_inside_the_test,V1_envparam.py,81b4161dbbb6d2fe28be38981c96b46cbe5e998ca8c19ee156effc861cc9cb4e,test_vlm_pipeline.py::test_vlm_prompt_ids_reach_sampler_for_chat_history_and_add_request,FAIL,1,none,n/a:pytest_matrix,1,0,1,0,test_vlm_prompt_ids_reach_sampler_for_chat_history_and_add_request=failure,AttributeError: 'openvino_genai.py_openvino_genai.GenerationResult' object has no attribute 'texts',n/a:pytest,n/a:pytest,n/a:pytest,n/a:pytest,n/a:pytest,n/a:pytest,n/a:pytest,n/a:pytest,n/a:pytest_matrix,n/a:pytest_matrix,n/a:pytest,n/a:pytest,797.9,Release,Ninja,824033c3061d73d50784872248cdb55aa04674aa,2026.5.0.dev20260903,5.0.0,2.2.0.dev0+4f1a926,32.0.101.8991,B_prhead_gemma3_cpu_rep2_20260907T172548Z.row.json
pytest_matrix,B_prhead_gemma3_cpu,3,20260907T172556Z,8.02,prhead,e6fced66b1b8ccc685fe9ce8c10f199f5c095418,build/pr_head/,CPU,optimum-intel-internal-testing/tiny-random-gemma3,n/a:selected_by_fixture,n/a:whole_test,true:set_inside_the_test,V1_envparam.py,81b4161dbbb6d2fe28be38981c96b46cbe5e998ca8c19ee156effc861cc9cb4e,test_vlm_pipeline.py::test_vlm_prompt_ids_reach_sampler_for_chat_history_and_add_request,FAIL,1,none,n/a:pytest_matrix,1,0,1,0,test_vlm_prompt_ids_reach_sampler_for_chat_history_and_add_request=failure,AttributeError: 'openvino_genai.py_openvino_genai.GenerationResult' object has no attribute 'texts',n/a:pytest,n/a:pytest,n/a:pytest,n/a:pytest,n/a:pytest,n/a:pytest,n/a:pytest,n/a:pytest,n/a:pytest_matrix,n/a:pytest_matrix,n/a:pytest,n/a:pytest,801.1,Release,Ninja,824033c3061d73d50784872248cdb55aa04674aa,2026.5.0.dev20260903,5.0.0,2.2.0.dev0+4f1a926,32.0.101.8991,B_prhead_gemma3_cpu_rep3_20260907T172556Z.row.json
pytest_matrix,B_base_gemma3_cpu,1,20260907T172604Z,8.02,base,c9fff70b9f960bdb0c484fe0c2c1bed9d697bbaf,build/merge_base/,CPU,optimum-intel-internal-testing/tiny-random-gemma3,n/a:selected_by_fixture,n/a:whole_test,true:set_inside_the_test,V1_envparam.py,81b4161dbbb6d2fe28be38981c96b46cbe5e998ca8c19ee156effc861cc9cb4e,test_vlm_pipeline.py::test_vlm_prompt_ids_reach_sampler_for_chat_history_and_add_request,FAIL,1,none,n/a:pytest_matrix,1,0,1,0,test_vlm_prompt_ids_reach_sampler_for_chat_history_and_add_request=failure,AttributeError: 'openvino_genai.py_openvino_genai.GenerationResult' object has no attribute 'texts',n/a:pytest,n/a:pytest,n/a:pytest,n/a:pytest,n/a:pytest,n/a:pytest,n/a:pytest,n/a:pytest,n/a:pytest_matrix,n/a:pytest_matrix,n/a:pytest,n/a:pytest,803.8,Release,Ninja,824033c3061d73d50784872248cdb55aa04674aa,2026.5.0.dev20260903,5.0.0,2.2.0.dev0+4f1a926,32.0.101.8991,B_base_gemma3_cpu_rep1_20260907T172604Z.row.json
pytest_matrix,B_base_gemma3_cpu,2,20260907T172612Z,8.01,base,c9fff70b9f960bdb0c484fe0c2c1bed9d697bbaf,build/merge_base/,CPU,optimum-intel-internal-testing/tiny-random-gemma3,n/a:selected_by_fixture,n/a:whole_test,true:set_inside_the_test,V1_envparam.py,81b4161dbbb6d2fe28be38981c96b46cbe5e998ca8c19ee156effc861cc9cb4e,test_vlm_pipeline.py::test_vlm_prompt_ids_reach_sampler_for_chat_history_and_add_request,FAIL,1,none,n/a:pytest_matrix,1,0,1,0,test_vlm_prompt_ids_reach_sampler_for_chat_history_and_add_request=failure,AttributeError: 'openvino_genai.py_openvino_genai.GenerationResult' object has no attribute 'texts',n/a:pytest,n/a:pytest,n/a:pytest,n/a:pytest,n/a:pytest,n/a:pytest,n/a:pytest,n/a:pytest,n/a:pytest_matrix,n/a:pytest_matrix,n/a:pytest,n/a:pytest,803.5,Release,Ninja,824033c3061d73d50784872248cdb55aa04674aa,2026.5.0.dev20260903,5.0.0,2.2.0.dev0+4f1a926,32.0.101.8991,B_base_gemma3_cpu_rep2_20260907T172612Z.row.json
pytest_matrix,B_base_gemma3_cpu,3,20260907T172620Z,8.02,base,c9fff70b9f960bdb0c484fe0c2c1bed9d697bbaf,build/merge_base/,CPU,optimum-intel-internal-testing/tiny-random-gemma3,n/a:selected_by_fixture,n/a:whole_test,true:set_inside_the_test,V1_envparam.py,81b4161dbbb6d2fe28be38981c96b46cbe5e998ca8c19ee156effc861cc9cb4e,test_vlm_pipeline.py::test_vlm_prompt_ids_reach_sampler_for_chat_history_and_add_request,FAIL,1,none,n/a:pytest_matrix,1,0,1,0,test_vlm_prompt_ids_reach_sampler_for_chat_history_and_add_request=failure,AttributeError: 'openvino_genai.py_openvino_genai.GenerationResult' object has no attribute 'texts',n/a:pytest,n/a:pytest,n/a:pytest,n/a:pytest,n/a:pytest,n/a:pytest,n/a:pytest,n/a:pytest,n/a:pytest_matrix,n/a:pytest_matrix,n/a:pytest,n/a:pytest,802.4,Release,Ninja,824033c3061d73d50784872248cdb55aa04674aa,2026.5.0.dev20260903,5.0.0,2.2.0.dev0+4f1a926,32.0.101.8991,B_base_gemma3_cpu_rep3_20260907T172620Z.row.json
pytest_matrix,C_prhead_fixed_gemma3_cpu,1,20260907T172628Z,8.0,prhead,e6fced66b1b8ccc685fe9ce8c10f199f5c095418,build/pr_head/,CPU,optimum-intel-internal-testing/tiny-random-gemma3,n/a:selected_by_fixture,n/a:whole_test,true:set_inside_the_test,V2_envparam_textsfix.py,1f88419d866512016a0c016feab1fa711568daec8782102782732dde47dab6e1,test_vlm_pipeline.py::test_vlm_prompt_ids_reach_sampler_for_chat_history_and_add_request,PASS,0,none,n/a:pytest_matrix,1,1,0,0,test_vlm_prompt_ids_reach_sampler_for_chat_history_and_add_request=passed,none,n/a:pytest,n/a:pytest,n/a:pytest,n/a:pytest,n/a:pytest,n/a:pytest,n/a:pytest,n/a:pytest,n/a:pytest_matrix,n/a:pytest_matrix,n/a:pytest,n/a:pytest,795.6,Release,Ninja,824033c3061d73d50784872248cdb55aa04674aa,2026.5.0.dev20260903,5.0.0,2.2.0.dev0+4f1a926,32.0.101.8991,C_prhead_fixed_gemma3_cpu_rep1_20260907T172628Z.row.json
pytest_matrix,C_prhead_fixed_gemma3_cpu,2,20260907T172636Z,8.01,prhead,e6fced66b1b8ccc685fe9ce8c10f199f5c095418,build/pr_head/,CPU,optimum-intel-internal-testing/tiny-random-gemma3,n/a:selected_by_fixture,n/a:whole_test,true:set_inside_the_test,V2_envparam_textsfix.py,1f88419d866512016a0c016feab1fa711568daec8782102782732dde47dab6e1,test_vlm_pipeline.py::test_vlm_prompt_ids_reach_sampler_for_chat_history_and_add_request,PASS,0,none,n/a:pytest_matrix,1,1,0,0,test_vlm_prompt_ids_reach_sampler_for_chat_history_and_add_request=passed,none,n/a:pytest,n/a:pytest,n/a:pytest,n/a:pytest,n/a:pytest,n/a:pytest,n/a:pytest,n/a:pytest,n/a:pytest_matrix,n/a:pytest_matrix,n/a:pytest,n/a:pytest,798.5,Release,Ninja,824033c3061d73d50784872248cdb55aa04674aa,2026.5.0.dev20260903,5.0.0,2.2.0.dev0+4f1a926,32.0.101.8991,C_prhead_fixed_gemma3_cpu_rep2_20260907T172636Z.row.json
pytest_matrix,C_prhead_fixed_gemma3_cpu,3,20260907T172644Z,8.02,prhead,e6fced66b1b8ccc685fe9ce8c10f199f5c095418,build/pr_head/,CPU,optimum-intel-internal-testing/tiny-random-gemma3,n/a:selected_by_fixture,n/a:whole_test,true:set_inside_the_test,V2_envparam_textsfix.py,1f88419d866512016a0c016feab1fa711568daec8782102782732dde47dab6e1,test_vlm_pipeline.py::test_vlm_prompt_ids_reach_sampler_for_chat_history_and_add_request,PASS,0,none,n/a:pytest_matrix,1,1,0,0,test_vlm_prompt_ids_reach_sampler_for_chat_history_and_add_request=passed,none,n/a:pytest,n/a:pytest,n/a:pytest,n/a:pytest,n/a:pytest,n/a:pytest,n/a:pytest,n/a:pytest,n/a:pytest_matrix,n/a:pytest_matrix,n/a:pytest,n/a:pytest,798.1,Release,Ninja,824033c3061d73d50784872248cdb55aa04674aa,2026.5.0.dev20260903,5.0.0,2.2.0.dev0+4f1a926,32.0.101.8991,C_prhead_fixed_gemma3_cpu_rep3_20260907T172644Z.row.json
pytest_matrix,C_base_fixed_gemma3_cpu,1,20260907T172652Z,6.5,base,c9fff70b9f960bdb0c484fe0c2c1bed9d697bbaf,build/merge_base/,CPU,optimum-intel-internal-testing/tiny-random-gemma3,n/a:selected_by_fixture,n/a:whole_test,true:set_inside_the_test,V2_envparam_textsfix.py,1f88419d866512016a0c016feab1fa711568daec8782102782732dde47dab6e1,test_vlm_pipeline.py::test_vlm_prompt_ids_reach_sampler_for_chat_history_and_add_request,CRASH_ACCESS_VIOLATION,3221225477,access_violation_0xC0000005,n/a:pytest_matrix,0,0,0,0,,pytest exited 3221225477 (0xC0000005); 0 case(s) reached the junit file,n/a:pytest,n/a:pytest,n/a:pytest,n/a:pytest,n/a:pytest,n/a:pytest,n/a:pytest,n/a:pytest,n/a:pytest_matrix,n/a:pytest_matrix,n/a:pytest,n/a:pytest,608.4,Release,Ninja,824033c3061d73d50784872248cdb55aa04674aa,2026.5.0.dev20260903,5.0.0,2.2.0.dev0+4f1a926,32.0.101.8991,C_base_fixed_gemma3_cpu_rep1_20260907T172652Z.row.json
pytest_matrix,C_base_fixed_gemma3_cpu,2,20260907T172658Z,6.5,base,c9fff70b9f960bdb0c484fe0c2c1bed9d697bbaf,build/merge_base/,CPU,optimum-intel-internal-testing/tiny-random-gemma3,n/a:selected_by_fixture,n/a:whole_test,true:set_inside_the_test,V2_envparam_textsfix.py,1f88419d866512016a0c016feab1fa711568daec8782102782732dde47dab6e1,test_vlm_pipeline.py::test_vlm_prompt_ids_reach_sampler_for_chat_history_and_add_request,CRASH_ACCESS_VIOLATION,3221225477,access_violation_0xC0000005,n/a:pytest_matrix,0,0,0,0,,pytest exited 3221225477 (0xC0000005); 0 case(s) reached the junit file,n/a:pytest,n/a:pytest,n/a:pytest,n/a:pytest,n/a:pytest,n/a:pytest,n/a:pytest,n/a:pytest,n/a:pytest_matrix,n/a:pytest_matrix,n/a:pytest,n/a:pytest,612.1,Release,Ninja,824033c3061d73d50784872248cdb55aa04674aa,2026.5.0.dev20260903,5.0.0,2.2.0.dev0+4f1a926,32.0.101.8991,C_base_fixed_gemma3_cpu_rep2_20260907T172659Z.row.json
pytest_matrix,C_base_fixed_gemma3_cpu,3,20260907T172705Z,6.5,base,c9fff70b9f960bdb0c484fe0c2c1bed9d697bbaf,build/merge_base/,CPU,optimum-intel-internal-testing/tiny-random-gemma3,n/a:selected_by_fixture,n/a:whole_test,true:set_inside_the_test,V2_envparam_textsfix.py,1f88419d866512016a0c016feab1fa711568daec8782102782732dde47dab6e1,test_vlm_pipeline.py::test_vlm_prompt_ids_reach_sampler_for_chat_history_and_add_request,CRASH_ACCESS_VIOLATION,3221225477,access_violation_0xC0000005,n/a:pytest_matrix,0,0,0,0,,pytest exited 3221225477 (0xC0000005); 0 case(s) reached the junit file,n/a:pytest,n/a:pytest,n/a:pytest,n/a:pytest,n/a:pytest,n/a:pytest,n/a:pytest,n/a:pytest,n/a:pytest_matrix,n/a:pytest_matrix,n/a:pytest,n/a:pytest,611.2,Release,Ninja,824033c3061d73d50784872248cdb55aa04674aa,2026.5.0.dev20260903,5.0.0,2.2.0.dev0+4f1a926,32.0.101.8991,C_base_fixed_gemma3_cpu_rep3_20260907T172705Z.row.json
pytest_matrix,D_prhead_fixed_gemma3_gpu,1,20260907T172711Z,8.52,prhead,e6fced66b1b8ccc685fe9ce8c10f199f5c095418,build/pr_head/,GPU,optimum-intel-internal-testing/tiny-random-gemma3,n/a:selected_by_fixture,n/a:whole_test,true:set_inside_the_test,V2_envparam_textsfix.py,1f88419d866512016a0c016feab1fa711568daec8782102782732dde47dab6e1,test_vlm_pipeline.py::test_vlm_prompt_ids_reach_sampler_for_chat_history_and_add_request,PASS,0,none,n/a:pytest_matrix,1,1,0,0,test_vlm_prompt_ids_reach_sampler_for_chat_history_and_add_request=passed,none,n/a:pytest,n/a:pytest,n/a:pytest,n/a:pytest,n/a:pytest,n/a:pytest,n/a:pytest,n/a:pytest,n/a:pytest_matrix,n/a:pytest_matrix,n/a:pytest,n/a:pytest,857.0,Release,Ninja,824033c3061d73d50784872248cdb55aa04674aa,2026.5.0.dev20260903,5.0.0,2.2.0.dev0+4f1a926,32.0.101.8991,D_prhead_fixed_gemma3_gpu_rep1_20260907T172712Z.row.json
pytest_matrix,D_prhead_fixed_gemma3_gpu,2,20260907T172720Z,8.51,prhead,e6fced66b1b8ccc685fe9ce8c10f199f5c095418,build/pr_head/,GPU,optimum-intel-internal-testing/tiny-random-gemma3,n/a:selected_by_fixture,n/a:whole_test,true:set_inside_the_test,V2_envparam_textsfix.py,1f88419d866512016a0c016feab1fa711568daec8782102782732dde47dab6e1,test_vlm_pipeline.py::test_vlm_prompt_ids_reach_sampler_for_chat_history_and_add_request,PASS,0,none,n/a:pytest_matrix,1,1,0,0,test_vlm_prompt_ids_reach_sampler_for_chat_history_and_add_request=passed,none,n/a:pytest,n/a:pytest,n/a:pytest,n/a:pytest,n/a:pytest,n/a:pytest,n/a:pytest,n/a:pytest,n/a:pytest_matrix,n/a:pytest_matrix,n/a:pytest,n/a:pytest,856.8,Release,Ninja,824033c3061d73d50784872248cdb55aa04674aa,2026.5.0.dev20260903,5.0.0,2.2.0.dev0+4f1a926,32.0.101.8991,D_prhead_fixed_gemma3_gpu_rep2_20260907T172720Z.row.json
pytest_matrix,D_prhead_fixed_gemma3_gpu,3,20260907T172729Z,8.52,prhead,e6fced66b1b8ccc685fe9ce8c10f199f5c095418,build/pr_head/,GPU,optimum-intel-internal-testing/tiny-random-gemma3,n/a:selected_by_fixture,n/a:whole_test,true:set_inside_the_test,V2_envparam_textsfix.py,1f88419d866512016a0c016feab1fa711568daec8782102782732dde47dab6e1,test_vlm_pipeline.py::test_vlm_prompt_ids_reach_sampler_for_chat_history_and_add_request,PASS,0,none,n/a:pytest_matrix,1,1,0,0,test_vlm_prompt_ids_reach_sampler_for_chat_history_and_add_request=passed,none,n/a:pytest,n/a:pytest,n/a:pytest,n/a:pytest,n/a:pytest,n/a:pytest,n/a:pytest,n/a:pytest,n/a:pytest_matrix,n/a:pytest_matrix,n/a:pytest,n/a:pytest,855.3,Release,Ninja,824033c3061d73d50784872248cdb55aa04674aa,2026.5.0.dev20260903,5.0.0,2.2.0.dev0+4f1a926,32.0.101.8991,D_prhead_fixed_gemma3_gpu_rep3_20260907T172729Z.row.json
pytest_matrix,D_base_fixed_gemma3_gpu,1,20260907T172737Z,7.0,base,c9fff70b9f960bdb0c484fe0c2c1bed9d697bbaf,build/merge_base/,GPU,optimum-intel-internal-testing/tiny-random-gemma3,n/a:selected_by_fixture,n/a:whole_test,true:set_inside_the_test,V2_envparam_textsfix.py,1f88419d866512016a0c016feab1fa711568daec8782102782732dde47dab6e1,test_vlm_pipeline.py::test_vlm_prompt_ids_reach_sampler_for_chat_history_and_add_request,CRASH_ACCESS_VIOLATION,3221225477,access_violation_0xC0000005,n/a:pytest_matrix,0,0,0,0,,pytest exited 3221225477 (0xC0000005); 0 case(s) reached the junit file,n/a:pytest,n/a:pytest,n/a:pytest,n/a:pytest,n/a:pytest,n/a:pytest,n/a:pytest,n/a:pytest,n/a:pytest_matrix,n/a:pytest_matrix,n/a:pytest,n/a:pytest,856.9,Release,Ninja,824033c3061d73d50784872248cdb55aa04674aa,2026.5.0.dev20260903,5.0.0,2.2.0.dev0+4f1a926,32.0.101.8991,D_base_fixed_gemma3_gpu_rep1_20260907T172737Z.row.json
pytest_matrix,D_base_fixed_gemma3_gpu,2,20260907T172744Z,7.02,base,c9fff70b9f960bdb0c484fe0c2c1bed9d697bbaf,build/merge_base/,GPU,optimum-intel-internal-testing/tiny-random-gemma3,n/a:selected_by_fixture,n/a:whole_test,true:set_inside_the_test,V2_envparam_textsfix.py,1f88419d866512016a0c016feab1fa711568daec8782102782732dde47dab6e1,test_vlm_pipeline.py::test_vlm_prompt_ids_reach_sampler_for_chat_history_and_add_request,CRASH_ACCESS_VIOLATION,3221225477,access_violation_0xC0000005,n/a:pytest_matrix,0,0,0,0,,pytest exited 3221225477 (0xC0000005); 0 case(s) reached the junit file,n/a:pytest,n/a:pytest,n/a:pytest,n/a:pytest,n/a:pytest,n/a:pytest,n/a:pytest,n/a:pytest,n/a:pytest_matrix,n/a:pytest_matrix,n/a:pytest,n/a:pytest,856.0,Release,Ninja,824033c3061d73d50784872248cdb55aa04674aa,2026.5.0.dev20260903,5.0.0,2.2.0.dev0+4f1a926,32.0.101.8991,D_base_fixed_gemma3_gpu_rep2_20260907T172744Z.row.json
pytest_matrix,D_base_fixed_gemma3_gpu,3,20260907T172751Z,7.0,base,c9fff70b9f960bdb0c484fe0c2c1bed9d697bbaf,build/merge_base/,GPU,optimum-intel-internal-testing/tiny-random-gemma3,n/a:selected_by_fixture,n/a:whole_test,true:set_inside_the_test,V2_envparam_textsfix.py,1f88419d866512016a0c016feab1fa711568daec8782102782732dde47dab6e1,test_vlm_pipeline.py::test_vlm_prompt_ids_reach_sampler_for_chat_history_and_add_request,CRASH_ACCESS_VIOLATION,3221225477,access_violation_0xC0000005,n/a:pytest_matrix,0,0,0,0,,pytest exited 3221225477 (0xC0000005); 0 case(s) reached the junit file,n/a:pytest,n/a:pytest,n/a:pytest,n/a:pytest,n/a:pytest,n/a:pytest,n/a:pytest,n/a:pytest,n/a:pytest_matrix,n/a:pytest_matrix,n/a:pytest,n/a:pytest,854.8,Release,Ninja,824033c3061d73d50784872248cdb55aa04674aa,2026.5.0.dev20260903,5.0.0,2.2.0.dev0+4f1a926,32.0.101.8991,D_base_fixed_gemma3_gpu_rep3_20260907T172751Z.row.json
pytest_matrix,E_prhead_fixed_qwen2vl_cpu,1,20260907T172758Z,8.0,prhead,e6fced66b1b8ccc685fe9ce8c10f199f5c095418,build/pr_head/,CPU,optimum-intel-internal-testing/tiny-random-qwen2vl,n/a:selected_by_fixture,n/a:whole_test,true:set_inside_the_test,V2_envparam_textsfix.py,1f88419d866512016a0c016feab1fa711568daec8782102782732dde47dab6e1,test_vlm_pipeline.py::test_vlm_prompt_ids_reach_sampler_for_chat_history_and_add_request,PASS,0,none,n/a:pytest_matrix,1,1,0,0,test_vlm_prompt_ids_reach_sampler_for_chat_history_and_add_request=passed,none,n/a:pytest,n/a:pytest,n/a:pytest,n/a:pytest,n/a:pytest,n/a:pytest,n/a:pytest,n/a:pytest,n/a:pytest_matrix,n/a:pytest_matrix,n/a:pytest,n/a:pytest,739.6,Release,Ninja,824033c3061d73d50784872248cdb55aa04674aa,2026.5.0.dev20260903,5.0.0,2.2.0.dev0+4f1a926,32.0.101.8991,E_prhead_fixed_qwen2vl_cpu_rep1_20260907T172758Z.row.json
pytest_matrix,E_prhead_fixed_qwen2vl_cpu,2,20260907T172806Z,8.02,prhead,e6fced66b1b8ccc685fe9ce8c10f199f5c095418,build/pr_head/,CPU,optimum-intel-internal-testing/tiny-random-qwen2vl,n/a:selected_by_fixture,n/a:whole_test,true:set_inside_the_test,V2_envparam_textsfix.py,1f88419d866512016a0c016feab1fa711568daec8782102782732dde47dab6e1,test_vlm_pipeline.py::test_vlm_prompt_ids_reach_sampler_for_chat_history_and_add_request,PASS,0,none,n/a:pytest_matrix,1,1,0,0,test_vlm_prompt_ids_reach_sampler_for_chat_history_and_add_request=passed,none,n/a:pytest,n/a:pytest,n/a:pytest,n/a:pytest,n/a:pytest,n/a:pytest,n/a:pytest,n/a:pytest,n/a:pytest_matrix,n/a:pytest_matrix,n/a:pytest,n/a:pytest,739.8,Release,Ninja,824033c3061d73d50784872248cdb55aa04674aa,2026.5.0.dev20260903,5.0.0,2.2.0.dev0+4f1a926,32.0.101.8991,E_prhead_fixed_qwen2vl_cpu_rep2_20260907T172806Z.row.json
pytest_matrix,E_prhead_fixed_qwen2vl_cpu,3,20260907T172814Z,8.01,prhead,e6fced66b1b8ccc685fe9ce8c10f199f5c095418,build/pr_head/,CPU,optimum-intel-internal-testing/tiny-random-qwen2vl,n/a:selected_by_fixture,n/a:whole_test,true:set_inside_the_test,V2_envparam_textsfix.py,1f88419d866512016a0c016feab1fa711568daec8782102782732dde47dab6e1,test_vlm_pipeline.py::test_vlm_prompt_ids_reach_sampler_for_chat_history_and_add_request,PASS,0,none,n/a:pytest_matrix,1,1,0,0,test_vlm_prompt_ids_reach_sampler_for_chat_history_and_add_request=passed,none,n/a:pytest,n/a:pytest,n/a:pytest,n/a:pytest,n/a:pytest,n/a:pytest,n/a:pytest,n/a:pytest,n/a:pytest_matrix,n/a:pytest_matrix,n/a:pytest,n/a:pytest,741.1,Release,Ninja,824033c3061d73d50784872248cdb55aa04674aa,2026.5.0.dev20260903,5.0.0,2.2.0.dev0+4f1a926,32.0.101.8991,E_prhead_fixed_qwen2vl_cpu_rep3_20260907T172814Z.row.json
pytest_matrix,E_base_fixed_qwen2vl_cpu,1,20260907T172822Z,6.5,base,c9fff70b9f960bdb0c484fe0c2c1bed9d697bbaf,build/merge_base/,CPU,optimum-intel-internal-testing/tiny-random-qwen2vl,n/a:selected_by_fixture,n/a:whole_test,true:set_inside_the_test,V2_envparam_textsfix.py,1f88419d866512016a0c016feab1fa711568daec8782102782732dde47dab6e1,test_vlm_pipeline.py::test_vlm_prompt_ids_reach_sampler_for_chat_history_and_add_request,CRASH_ACCESS_VIOLATION,3221225477,access_violation_0xC0000005,n/a:pytest_matrix,0,0,0,0,,pytest exited 3221225477 (0xC0000005); 0 case(s) reached the junit file,n/a:pytest,n/a:pytest,n/a:pytest,n/a:pytest,n/a:pytest,n/a:pytest,n/a:pytest,n/a:pytest,n/a:pytest_matrix,n/a:pytest_matrix,n/a:pytest,n/a:pytest,611.4,Release,Ninja,824033c3061d73d50784872248cdb55aa04674aa,2026.5.0.dev20260903,5.0.0,2.2.0.dev0+4f1a926,32.0.101.8991,E_base_fixed_qwen2vl_cpu_rep1_20260907T172822Z.row.json
pytest_matrix,E_base_fixed_qwen2vl_cpu,2,20260907T172829Z,6.49,base,c9fff70b9f960bdb0c484fe0c2c1bed9d697bbaf,build/merge_base/,CPU,optimum-intel-internal-testing/tiny-random-qwen2vl,n/a:selected_by_fixture,n/a:whole_test,true:set_inside_the_test,V2_envparam_textsfix.py,1f88419d866512016a0c016feab1fa711568daec8782102782732dde47dab6e1,test_vlm_pipeline.py::test_vlm_prompt_ids_reach_sampler_for_chat_history_and_add_request,CRASH_ACCESS_VIOLATION,3221225477,access_violation_0xC0000005,n/a:pytest_matrix,0,0,0,0,,pytest exited 3221225477 (0xC0000005); 0 case(s) reached the junit file,n/a:pytest,n/a:pytest,n/a:pytest,n/a:pytest,n/a:pytest,n/a:pytest,n/a:pytest,n/a:pytest,n/a:pytest_matrix,n/a:pytest_matrix,n/a:pytest,n/a:pytest,611.0,Release,Ninja,824033c3061d73d50784872248cdb55aa04674aa,2026.5.0.dev20260903,5.0.0,2.2.0.dev0+4f1a926,32.0.101.8991,E_base_fixed_qwen2vl_cpu_rep2_20260907T172829Z.row.json
pytest_matrix,E_base_fixed_qwen2vl_cpu,3,20260907T172835Z,6.5,base,c9fff70b9f960bdb0c484fe0c2c1bed9d697bbaf,build/merge_base/,CPU,optimum-intel-internal-testing/tiny-random-qwen2vl,n/a:selected_by_fixture,n/a:whole_test,true:set_inside_the_test,V2_envparam_textsfix.py,1f88419d866512016a0c016feab1fa711568daec8782102782732dde47dab6e1,test_vlm_pipeline.py::test_vlm_prompt_ids_reach_sampler_for_chat_history_and_add_request,CRASH_ACCESS_VIOLATION,3221225477,access_violation_0xC0000005,n/a:pytest_matrix,0,0,0,0,,pytest exited 3221225477 (0xC0000005); 0 case(s) reached the junit file,n/a:pytest,n/a:pytest,n/a:pytest,n/a:pytest,n/a:pytest,n/a:pytest,n/a:pytest,n/a:pytest,n/a:pytest_matrix,n/a:pytest_matrix,n/a:pytest,n/a:pytest,607.6,Release,Ninja,824033c3061d73d50784872248cdb55aa04674aa,2026.5.0.dev20260903,5.0.0,2.2.0.dev0+4f1a926,32.0.101.8991,E_base_fixed_qwen2vl_cpu_rep3_20260907T172835Z.row.json
pytest_matrix,N2_prhead_fixed_neighbours_cpu,1,20260907T172842Z,9.03,prhead,e6fced66b1b8ccc685fe9ce8c10f199f5c095418,build/pr_head/,CPU,optimum-intel-internal-testing/tiny-random-gemma3,n/a:selected_by_fixture,n/a:whole_test,true:set_inside_the_test,V2_envparam_textsfix.py,1f88419d866512016a0c016feab1fa711568daec8782102782732dde47dab6e1,test_vlm_pipeline.py::test_vlm_continuous_batching_generate_vs_add_request|test_vlm_pipeline.py::test_vlm_continuous_batching_vs_stateful|test_vlm_pipeline.py::test_vlm_continuous_batching_vs_stateful_chat_history|test_vlm_pipeline.py::test_start_chat_clears_history_cb_api,FAIL,1,none,n/a:pytest_matrix,7,1,1,5,test_vlm_continuous_batching_generate_vs_add_request[optimum-intel-internal-testing/tiny-random-phi3-vision/PA-greedy]=skipped;test_vlm_continuous_batching_generate_vs_add_request[optimum-intel-internal-testing/tiny-random-phi3-vision/PA-beam_search]=skipped;test_vlm_continuous_batching_vs_stateful[optimum-intel-internal-testing/tiny-random-phi3-vision/SDPA-greedy]=skipped;test_vlm_continuous_batching_vs_stateful[optimum-intel-internal-testing/tiny-random-phi3-vision/SDPA-beam_search]=skipped;test_vlm_continuous_batching_vs_stateful_chat_history[optimum-intel-internal-testing/tiny-random-phi3-vision/SDPA]=skipped;test_start_chat_clears_history_cb_api[cat_tensor - one image]=failure;test_start_chat_clears_history_cb_api[empty]=passed,"RuntimeError: Exception from src\inference\src\cpp\infer_request.cpp:224:
Exception from src\plugins\intel_cpu\src\node.cpp:794:
[CPU] Add node with name '__module.model.model.vision_tower.vision_model.embeddings/aten::add/Add' Check 'input_shape[j] == 1' failed at src\plugins\intel_cpu\src\shape_inference\custom\eltwise.cpp:55:
Eltwise shape infer input shapes dim index: 1 mismatch",n/a:pytest,n/a:pytest,n/a:pytest,n/a:pytest,n/a:pytest,n/a:pytest,n/a:pytest,n/a:pytest,n/a:pytest_matrix,n/a:pytest_matrix,n/a:pytest,n/a:pytest,783.5,Release,Ninja,824033c3061d73d50784872248cdb55aa04674aa,2026.5.0.dev20260903,5.0.0,2.2.0.dev0+4f1a926,32.0.101.8991,N2_prhead_fixed_neighbours_cpu_rep1_20260907T172842Z.row.json
pytest_matrix,N2_prhead_fixed_neighbours_cpu,2,20260907T172851Z,9.01,prhead,e6fced66b1b8ccc685fe9ce8c10f199f5c095418,build/pr_head/,CPU,optimum-intel-internal-testing/tiny-random-gemma3,n/a:selected_by_fixture,n/a:whole_test,true:set_inside_the_test,V2_envparam_textsfix.py,1f88419d866512016a0c016feab1fa711568daec8782102782732dde47dab6e1,test_vlm_pipeline.py::test_vlm_continuous_batching_generate_vs_add_request|test_vlm_pipeline.py::test_vlm_continuous_batching_vs_stateful|test_vlm_pipeline.py::test_vlm_continuous_batching_vs_stateful_chat_history|test_vlm_pipeline.py::test_start_chat_clears_history_cb_api,FAIL,1,none,n/a:pytest_matrix,7,1,1,5,test_vlm_continuous_batching_generate_vs_add_request[optimum-intel-internal-testing/tiny-random-phi3-vision/PA-greedy]=skipped;test_vlm_continuous_batching_generate_vs_add_request[optimum-intel-internal-testing/tiny-random-phi3-vision/PA-beam_search]=skipped;test_vlm_continuous_batching_vs_stateful[optimum-intel-internal-testing/tiny-random-phi3-vision/SDPA-greedy]=skipped;test_vlm_continuous_batching_vs_stateful[optimum-intel-internal-testing/tiny-random-phi3-vision/SDPA-beam_search]=skipped;test_vlm_continuous_batching_vs_stateful_chat_history[optimum-intel-internal-testing/tiny-random-phi3-vision/SDPA]=skipped;test_start_chat_clears_history_cb_api[cat_tensor - one image]=failure;test_start_chat_clears_history_cb_api[empty]=passed,"RuntimeError: Exception from src\inference\src\cpp\infer_request.cpp:224:
Exception from src\plugins\intel_cpu\src\node.cpp:794:
[CPU] Add node with name '__module.model.model.vision_tower.vision_model.embeddings/aten::add/Add' Check 'input_shape[j] == 1' failed at src\plugins\intel_cpu\src\shape_inference\custom\eltwise.cpp:55:
Eltwise shape infer input shapes dim index: 1 mismatch",n/a:pytest,n/a:pytest,n/a:pytest,n/a:pytest,n/a:pytest,n/a:pytest,n/a:pytest,n/a:pytest,n/a:pytest_matrix,n/a:pytest_matrix,n/a:pytest,n/a:pytest,799.0,Release,Ninja,824033c3061d73d50784872248cdb55aa04674aa,2026.5.0.dev20260903,5.0.0,2.2.0.dev0+4f1a926,32.0.101.8991,N2_prhead_fixed_neighbours_cpu_rep2_20260907T172851Z.row.json
pytest_matrix,N2_prhead_fixed_neighbours_cpu,3,20260907T172900Z,9.03,prhead,e6fced66b1b8ccc685fe9ce8c10f199f5c095418,build/pr_head/,CPU,optimum-intel-internal-testing/tiny-random-gemma3,n/a:selected_by_fixture,n/a:whole_test,true:set_inside_the_test,V2_envparam_textsfix.py,1f88419d866512016a0c016feab1fa711568daec8782102782732dde47dab6e1,test_vlm_pipeline.py::test_vlm_continuous_batching_generate_vs_add_request|test_vlm_pipeline.py::test_vlm_continuous_batching_vs_stateful|test_vlm_pipeline.py::test_vlm_continuous_batching_vs_stateful_chat_history|test_vlm_pipeline.py::test_start_chat_clears_history_cb_api,FAIL,1,none,n/a:pytest_matrix,7,1,1,5,test_vlm_continuous_batching_generate_vs_add_request[optimum-intel-internal-testing/tiny-random-phi3-vision/PA-greedy]=skipped;test_vlm_continuous_batching_generate_vs_add_request[optimum-intel-internal-testing/tiny-random-phi3-vision/PA-beam_search]=skipped;test_vlm_continuous_batching_vs_stateful[optimum-intel-internal-testing/tiny-random-phi3-vision/SDPA-greedy]=skipped;test_vlm_continuous_batching_vs_stateful[optimum-intel-internal-testing/tiny-random-phi3-vision/SDPA-beam_search]=skipped;test_vlm_continuous_batching_vs_stateful_chat_history[optimum-intel-internal-testing/tiny-random-phi3-vision/SDPA]=skipped;test_start_chat_clears_history_cb_api[cat_tensor - one image]=failure;test_start_chat_clears_history_cb_api[empty]=passed,"RuntimeError: Exception from src\inference\src\cpp\infer_request.cpp:224:
Exception from src\plugins\intel_cpu\src\node.cpp:794:
[CPU] Add node with name '__module.model.model.vision_tower.vision_model.embeddings/aten::add/Add' Check 'input_shape[j] == 1' failed at src\plugins\intel_cpu\src\shape_inference\custom\eltwise.cpp:55:
Eltwise shape infer input shapes dim index: 1 mismatch",n/a:pytest,n/a:pytest,n/a:pytest,n/a:pytest,n/a:pytest,n/a:pytest,n/a:pytest,n/a:pytest,n/a:pytest_matrix,n/a:pytest_matrix,n/a:pytest,n/a:pytest,776.1,Release,Ninja,824033c3061d73d50784872248cdb55aa04674aa,2026.5.0.dev20260903,5.0.0,2.2.0.dev0+4f1a926,32.0.101.8991,N2_prhead_fixed_neighbours_cpu_rep3_20260907T172900Z.row.json
pytest_matrix,N2_base_fixed_neighbours_cpu,1,20260907T172909Z,9.01,base,c9fff70b9f960bdb0c484fe0c2c1bed9d697bbaf,build/merge_base/,CPU,optimum-intel-internal-testing/tiny-random-gemma3,n/a:selected_by_fixture,n/a:whole_test,true:set_inside_the_test,V2_envparam_textsfix.py,1f88419d866512016a0c016feab1fa711568daec8782102782732dde47dab6e1,test_vlm_pipeline.py::test_vlm_continuous_batching_generate_vs_add_request|test_vlm_pipeline.py::test_vlm_continuous_batching_vs_stateful|test_vlm_pipeline.py::test_vlm_continuous_batching_vs_stateful_chat_history|test_vlm_pipeline.py::test_start_chat_clears_history_cb_api,FAIL,1,none,n/a:pytest_matrix,7,1,1,5,test_vlm_continuous_batching_generate_vs_add_request[optimum-intel-internal-testing/tiny-random-phi3-vision/PA-greedy]=skipped;test_vlm_continuous_batching_generate_vs_add_request[optimum-intel-internal-testing/tiny-random-phi3-vision/PA-beam_search]=skipped;test_vlm_continuous_batching_vs_stateful[optimum-intel-internal-testing/tiny-random-phi3-vision/SDPA-greedy]=skipped;test_vlm_continuous_batching_vs_stateful[optimum-intel-internal-testing/tiny-random-phi3-vision/SDPA-beam_search]=skipped;test_vlm_continuous_batching_vs_stateful_chat_history[optimum-intel-internal-testing/tiny-random-phi3-vision/SDPA]=skipped;test_start_chat_clears_history_cb_api[cat_tensor - one image]=failure;test_start_chat_clears_history_cb_api[empty]=passed,"RuntimeError: Exception from src\inference\src\cpp\infer_request.cpp:224:
Exception from src\plugins\intel_cpu\src\node.cpp:794:
[CPU] Add node with name '__module.model.model.vision_tower.vision_model.embeddings/aten::add/Add' Check 'input_shape[j] == 1' failed at src\plugins\intel_cpu\src\shape_inference\custom\eltwise.cpp:55:
Eltwise shape infer input shapes dim index: 1 mismatch",n/a:pytest,n/a:pytest,n/a:pytest,n/a:pytest,n/a:pytest,n/a:pytest,n/a:pytest,n/a:pytest,n/a:pytest_matrix,n/a:pytest_matrix,n/a:pytest,n/a:pytest,796.9,Release,Ninja,824033c3061d73d50784872248cdb55aa04674aa,2026.5.0.dev20260903,5.0.0,2.2.0.dev0+4f1a926,32.0.101.8991,N2_base_fixed_neighbours_cpu_rep1_20260907T172909Z.row.json
pytest_matrix,N2_base_fixed_neighbours_cpu,2,20260907T172918Z,9.03,base,c9fff70b9f960bdb0c484fe0c2c1bed9d697bbaf,build/merge_base/,CPU,optimum-intel-internal-testing/tiny-random-gemma3,n/a:selected_by_fixture,n/a:whole_test,true:set_inside_the_test,V2_envparam_textsfix.py,1f88419d866512016a0c016feab1fa711568daec8782102782732dde47dab6e1,test_vlm_pipeline.py::test_vlm_continuous_batching_generate_vs_add_request|test_vlm_pipeline.py::test_vlm_continuous_batching_vs_stateful|test_vlm_pipeline.py::test_vlm_continuous_batching_vs_stateful_chat_history|test_vlm_pipeline.py::test_start_chat_clears_history_cb_api,FAIL,1,none,n/a:pytest_matrix,7,1,1,5,test_vlm_continuous_batching_generate_vs_add_request[optimum-intel-internal-testing/tiny-random-phi3-vision/PA-greedy]=skipped;test_vlm_continuous_batching_generate_vs_add_request[optimum-intel-internal-testing/tiny-random-phi3-vision/PA-beam_search]=skipped;test_vlm_continuous_batching_vs_stateful[optimum-intel-internal-testing/tiny-random-phi3-vision/SDPA-greedy]=skipped;test_vlm_continuous_batching_vs_stateful[optimum-intel-internal-testing/tiny-random-phi3-vision/SDPA-beam_search]=skipped;test_vlm_continuous_batching_vs_stateful_chat_history[optimum-intel-internal-testing/tiny-random-phi3-vision/SDPA]=skipped;test_start_chat_clears_history_cb_api[cat_tensor - one image]=failure;test_start_chat_clears_history_cb_api[empty]=passed,"RuntimeError: Exception from src\inference\src\cpp\infer_request.cpp:224:
Exception from src\plugins\intel_cpu\src\node.cpp:794:
[CPU] Add node with name '__module.model.model.vision_tower.vision_model.embeddings/aten::add/Add' Check 'input_shape[j] == 1' failed at src\plugins\intel_cpu\src\shape_inference\custom\eltwise.cpp:55:
Eltwise shape infer input shapes dim index: 1 mismatch",n/a:pytest,n/a:pytest,n/a:pytest,n/a:pytest,n/a:pytest,n/a:pytest,n/a:pytest,n/a:pytest,n/a:pytest_matrix,n/a:pytest_matrix,n/a:pytest,n/a:pytest,776.0,Release,Ninja,824033c3061d73d50784872248cdb55aa04674aa,2026.5.0.dev20260903,5.0.0,2.2.0.dev0+4f1a926,32.0.101.8991,N2_base_fixed_neighbours_cpu_rep2_20260907T172918Z.row.json
pytest_matrix,N2_base_fixed_neighbours_cpu,3,20260907T172927Z,9.02,base,c9fff70b9f960bdb0c484fe0c2c1bed9d697bbaf,build/merge_base/,CPU,optimum-intel-internal-testing/tiny-random-gemma3,n/a:selected_by_fixture,n/a:whole_test,true:set_inside_the_test,V2_envparam_textsfix.py,1f88419d866512016a0c016feab1fa711568daec8782102782732dde47dab6e1,test_vlm_pipeline.py::test_vlm_continuous_batching_generate_vs_add_request|test_vlm_pipeline.py::test_vlm_continuous_batching_vs_stateful|test_vlm_pipeline.py::test_vlm_continuous_batching_vs_stateful_chat_history|test_vlm_pipeline.py::test_start_chat_clears_history_cb_api,FAIL,1,none,n/a:pytest_matrix,7,1,1,5,test_vlm_continuous_batching_generate_vs_add_request[optimum-intel-internal-testing/tiny-random-phi3-vision/PA-greedy]=skipped;test_vlm_continuous_batching_generate_vs_add_request[optimum-intel-internal-testing/tiny-random-phi3-vision/PA-beam_search]=skipped;test_vlm_continuous_batching_vs_stateful[optimum-intel-internal-testing/tiny-random-phi3-vision/SDPA-greedy]=skipped;test_vlm_continuous_batching_vs_stateful[optimum-intel-internal-testing/tiny-random-phi3-vision/SDPA-beam_search]=skipped;test_vlm_continuous_batching_vs_stateful_chat_history[optimum-intel-internal-testing/tiny-random-phi3-vision/SDPA]=skipped;test_start_chat_clears_history_cb_api[cat_tensor - one image]=failure;test_start_chat_clears_history_cb_api[empty]=passed,"RuntimeError: Exception from src\inference\src\cpp\infer_request.cpp:224:
Exception from src\plugins\intel_cpu\src\node.cpp:794:
[CPU] Add node with name '__module.model.model.vision_tower.vision_model.embeddings/aten::add/Add' Check 'input_shape[j] == 1' failed at src\plugins\intel_cpu\src\shape_inference\custom\eltwise.cpp:55:
Eltwise shape infer input shapes dim index: 1 mismatch",n/a:pytest,n/a:pytest,n/a:pytest,n/a:pytest,n/a:pytest,n/a:pytest,n/a:pytest,n/a:pytest,n/a:pytest_matrix,n/a:pytest_matrix,n/a:pytest,n/a:pytest,775.5,Release,Ninja,824033c3061d73d50784872248cdb55aa04674aa,2026.5.0.dev20260903,5.0.0,2.2.0.dev0+4f1a926,32.0.101.8991,N2_base_fixed_neighbours_cpu_rep3_20260907T172927Z.row.json
pytest_matrix,X_prhead_cpp_vlmpromptids,1,20260907T172936Z,0.02,prhead,e6fced66b1b8ccc685fe9ce8c10f199f5c095418,build/pr_head/,CPU,MODEL_IDS[0],n/a:selected_by_fixture,n/a:whole_test,true:set_inside_the_test,n/a,n/a:cpp,VLMPromptIdsTest.*,PASS,0,none,n/a:pytest_matrix,4,4,0,n/a:cpp,gtest ok=4,n/a:cpp,n/a:cpp,n/a:cpp,n/a:cpp,n/a:cpp,n/a:cpp,n/a:cpp,n/a:cpp,n/a:cpp,n/a:pytest_matrix,n/a:pytest_matrix,n/a:cpp,n/a:cpp,n/a:cpp,Release,Ninja,824033c3061d73d50784872248cdb55aa04674aa,2026.5.0.dev20260903,5.0.0,2.2.0.dev0+4f1a926,32.0.101.8991,X_prhead_cpp_vlmpromptids_rep1_20260907T172936Z.gtest.log
pytest_matrix,X_prhead_cpp_vlmpromptids,2,20260907T172936Z,0.01,prhead,e6fced66b1b8ccc685fe9ce8c10f199f5c095418,build/pr_head/,CPU,MODEL_IDS[0],n/a:selected_by_fixture,n/a:whole_test,true:set_inside_the_test,n/a,n/a:cpp,VLMPromptIdsTest.*,PASS,0,none,n/a:pytest_matrix,4,4,0,n/a:cpp,gtest ok=4,n/a:cpp,n/a:cpp,n/a:cpp,n/a:cpp,n/a:cpp,n/a:cpp,n/a:cpp,n/a:cpp,n/a:cpp,n/a:pytest_matrix,n/a:pytest_matrix,n/a:cpp,n/a:cpp,n/a:cpp,Release,Ninja,824033c3061d73d50784872248cdb55aa04674aa,2026.5.0.dev20260903,5.0.0,2.2.0.dev0+4f1a926,32.0.101.8991,X_prhead_cpp_vlmpromptids_rep2_20260907T172936Z.gtest.log
pytest_matrix,X_prhead_cpp_vlmpromptids,3,20260907T172936Z,0.02,prhead,e6fced66b1b8ccc685fe9ce8c10f199f5c095418,build/pr_head/,CPU,MODEL_IDS[0],n/a:selected_by_fixture,n/a:whole_test,true:set_inside_the_test,n/a,n/a:cpp,VLMPromptIdsTest.*,PASS,0,none,n/a:pytest_matrix,4,4,0,n/a:cpp,gtest ok=4,n/a:cpp,n/a:cpp,n/a:cpp,n/a:cpp,n/a:cpp,n/a:cpp,n/a:cpp,n/a:cpp,n/a:cpp,n/a:pytest_matrix,n/a:pytest_matrix,n/a:cpp,n/a:cpp,n/a:cpp,Release,Ninja,824033c3061d73d50784872248cdb55aa04674aa,2026.5.0.dev20260903,5.0.0,2.2.0.dev0+4f1a926,32.0.101.8991,X_prhead_cpp_vlmpromptids_rep3_20260907T172936Z.gtest.log
pytest_matrix,P_prhead_gemma3_cpu,1,20260907T172936Z,0.59,prhead,e6fced66b1b8ccc685fe9ce8c10f199f5c095418,build/pr_head/,CPU,optimum-intel-internal-testing/tiny-random-gemma3,n/a:selected_by_fixture,n/a:whole_test,true:set_inside_the_test,n/a,n/a:probe,echo_probe_three_paths,ALL_THREE_PRESENT,n/a:probe,none,n/a:pytest_matrix,n/a:probe,n/a:probe,n/a:probe,n/a:probe,n/a:probe,none,True,True,True,GenerationResult,GenerationResult,19,False,cb1be488dcbf83b8ddbe9484cb3cda6e34366ad93223549f803a721a688957c6,n/a:pytest_matrix,n/a:pytest_matrix,10,0.25,n/a:probe,Release,Ninja,824033c3061d73d50784872248cdb55aa04674aa,2026.5.0.dev20260903,5.0.0,2.2.0.dev0+4f1a926,32.0.101.8991,P_prhead_gemma3_cpu_rep1_20260907T172936Z.probe.json
pytest_matrix,P_prhead_gemma3_cpu,2,20260907T172936Z,0.59,prhead,e6fced66b1b8ccc685fe9ce8c10f199f5c095418,build/pr_head/,CPU,optimum-intel-internal-testing/tiny-random-gemma3,n/a:selected_by_fixture,n/a:whole_test,true:set_inside_the_test,n/a,n/a:probe,echo_probe_three_paths,ALL_THREE_PRESENT,n/a:probe,none,n/a:pytest_matrix,n/a:probe,n/a:probe,n/a:probe,n/a:probe,n/a:probe,none,True,True,True,GenerationResult,GenerationResult,19,False,cb1be488dcbf83b8ddbe9484cb3cda6e34366ad93223549f803a721a688957c6,n/a:pytest_matrix,n/a:pytest_matrix,10,0.25,n/a:probe,Release,Ninja,824033c3061d73d50784872248cdb55aa04674aa,2026.5.0.dev20260903,5.0.0,2.2.0.dev0+4f1a926,32.0.101.8991,P_prhead_gemma3_cpu_rep2_20260907T172937Z.probe.json
pytest_matrix,P_prhead_gemma3_cpu,3,20260907T172937Z,0.59,prhead,e6fced66b1b8ccc685fe9ce8c10f199f5c095418,build/pr_head/,CPU,optimum-intel-internal-testing/tiny-random-gemma3,n/a:selected_by_fixture,n/a:whole_test,true:set_inside_the_test,n/a,n/a:probe,echo_probe_three_paths,ALL_THREE_PRESENT,n/a:probe,none,n/a:pytest_matrix,n/a:probe,n/a:probe,n/a:probe,n/a:probe,n/a:probe,none,True,True,True,GenerationResult,GenerationResult,19,False,cb1be488dcbf83b8ddbe9484cb3cda6e34366ad93223549f803a721a688957c6,n/a:pytest_matrix,n/a:pytest_matrix,10,0.25,n/a:probe,Release,Ninja,824033c3061d73d50784872248cdb55aa04674aa,2026.5.0.dev20260903,5.0.0,2.2.0.dev0+4f1a926,32.0.101.8991,P_prhead_gemma3_cpu_rep3_20260907T172937Z.probe.json
pytest_matrix,P_base_gemma3_cpu,1,20260907T172938Z,2.7,base,c9fff70b9f960bdb0c484fe0c2c1bed9d697bbaf,build/merge_base/,CPU,optimum-intel-internal-testing/tiny-random-gemma3,n/a:selected_by_fixture,n/a:whole_test,true:set_inside_the_test,n/a,n/a:probe,echo_probe_three_paths,CRASH_ACCESS_VIOLATION,3221225477,access_violation_0xC0000005,n/a:pytest_matrix,n/a:probe,n/a:probe,n/a:probe,n/a:probe,n/a:probe,child exited 3221225477 (0xC0000005) with no output; stderr[:300]='',n/a:probe,n/a:probe,n/a:probe,n/a:probe,n/a:probe,n/a:probe,n/a:probe,n/a:probe,n/a:pytest_matrix,n/a:pytest_matrix,n/a:probe,n/a:probe,n/a:probe,Release,Ninja,824033c3061d73d50784872248cdb55aa04674aa,2026.5.0.dev20260903,5.0.0,2.2.0.dev0+4f1a926,32.0.101.8991,a:probe
pytest_matrix,P_base_gemma3_cpu,2,20260907T172940Z,2.67,base,c9fff70b9f960bdb0c484fe0c2c1bed9d697bbaf,build/merge_base/,CPU,optimum-intel-internal-testing/tiny-random-gemma3,n/a:selected_by_fixture,n/a:whole_test,true:set_inside_the_test,n/a,n/a:probe,echo_probe_three_paths,CRASH_ACCESS_VIOLATION,3221225477,access_violation_0xC0000005,n/a:pytest_matrix,n/a:probe,n/a:probe,n/a:probe,n/a:probe,n/a:probe,child exited 3221225477 (0xC0000005) with no output; stderr[:300]='',n/a:probe,n/a:probe,n/a:probe,n/a:probe,n/a:probe,n/a:probe,n/a:probe,n/a:probe,n/a:pytest_matrix,n/a:pytest_matrix,n/a:probe,n/a:probe,n/a:probe,Release,Ninja,824033c3061d73d50784872248cdb55aa04674aa,2026.5.0.dev20260903,5.0.0,2.2.0.dev0+4f1a926,32.0.101.8991,a:probe
pytest_matrix,P_base_gemma3_cpu,3,20260907T172943Z,2.45,base,c9fff70b9f960bdb0c484fe0c2c1bed9d697bbaf,build/merge_base/,CPU,optimum-intel-internal-testing/tiny-random-gemma3,n/a:selected_by_fixture,n/a:whole_test,true:set_inside_the_test,n/a,n/a:probe,echo_probe_three_paths,CRASH_ACCESS_VIOLATION,3221225477,access_violation_0xC0000005,n/a:pytest_matrix,n/a:probe,n/a:probe,n/a:probe,n/a:probe,n/a:probe,child exited 3221225477 (0xC0000005) with no output; stderr[:300]='',n/a:probe,n/a:probe,n/a:probe,n/a:probe,n/a:probe,n/a:probe,n/a:probe,n/a:probe,n/a:pytest_matrix,n/a:pytest_matrix,n/a:probe,n/a:probe,n/a:probe,Release,Ninja,824033c3061d73d50784872248cdb55aa04674aa,2026.5.0.dev20260903,5.0.0,2.2.0.dev0+4f1a926,32.0.101.8991,a:probe
pytest_matrix,P_prhead_gemma3_gpu,1,20260907T172945Z,0.99,prhead,e6fced66b1b8ccc685fe9ce8c10f199f5c095418,build/pr_head/,GPU,optimum-intel-internal-testing/tiny-random-gemma3,n/a:selected_by_fixture,n/a:whole_test,true:set_inside_the_test,n/a,n/a:probe,echo_probe_three_paths,ALL_THREE_PRESENT,n/a:probe,none,n/a:pytest_matrix,n/a:probe,n/a:probe,n/a:probe,n/a:probe,n/a:probe,none,True,True,True,GenerationResult,GenerationResult,19,False,cb1be488dcbf83b8ddbe9484cb3cda6e34366ad93223549f803a721a688957c6,n/a:pytest_matrix,n/a:pytest_matrix,10,0.579,n/a:probe,Release,Ninja,824033c3061d73d50784872248cdb55aa04674aa,2026.5.0.dev20260903,5.0.0,2.2.0.dev0+4f1a926,32.0.101.8991,P_prhead_gemma3_gpu_rep1_20260907T172946Z.probe.json
pytest_matrix,P_prhead_gemma3_gpu,2,20260907T172946Z,1.0,prhead,e6fced66b1b8ccc685fe9ce8c10f199f5c095418,build/pr_head/,GPU,optimum-intel-internal-testing/tiny-random-gemma3,n/a:selected_by_fixture,n/a:whole_test,true:set_inside_the_test,n/a,n/a:probe,echo_probe_three_paths,ALL_THREE_PRESENT,n/a:probe,none,n/a:pytest_matrix,n/a:probe,n/a:probe,n/a:probe,n/a:probe,n/a:probe,none,True,True,True,GenerationResult,GenerationResult,19,False,cb1be488dcbf83b8ddbe9484cb3cda6e34366ad93223549f803a721a688957c6,n/a:pytest_matrix,n/a:pytest_matrix,10,0.563,n/a:probe,Release,Ninja,824033c3061d73d50784872248cdb55aa04674aa,2026.5.0.dev20260903,5.0.0,2.2.0.dev0+4f1a926,32.0.101.8991,P_prhead_gemma3_gpu_rep2_20260907T172947Z.probe.json
pytest_matrix,P_prhead_gemma3_gpu,3,20260907T172947Z,0.97,prhead,e6fced66b1b8ccc685fe9ce8c10f199f5c095418,build/pr_head/,GPU,optimum-intel-internal-testing/tiny-random-gemma3,n/a:selected_by_fixture,n/a:whole_test,true:set_inside_the_test,n/a,n/a:probe,echo_probe_three_paths,ALL_THREE_PRESENT,n/a:probe,none,n/a:pytest_matrix,n/a:probe,n/a:probe,n/a:probe,n/a:probe,n/a:probe,none,True,True,True,GenerationResult,GenerationResult,19,False,cb1be488dcbf83b8ddbe9484cb3cda6e34366ad93223549f803a721a688957c6,n/a:pytest_matrix,n/a:pytest_matrix,10,0.562,n/a:probe,Release,Ninja,824033c3061d73d50784872248cdb55aa04674aa,2026.5.0.dev20260903,5.0.0,2.2.0.dev0+4f1a926,32.0.101.8991,P_prhead_gemma3_gpu_rep3_20260907T172948Z.probe.json
pytest_matrix,P_base_gemma3_gpu,1,20260907T172948Z,3.24,base,c9fff70b9f960bdb0c484fe0c2c1bed9d697bbaf,build/merge_base/,GPU,optimum-intel-internal-testing/tiny-random-gemma3,n/a:selected_by_fixture,n/a:whole_test,true:set_inside_the_test,n/a,n/a:probe,echo_probe_three_paths,CRASH_ACCESS_VIOLATION,3221225477,access_violation_0xC0000005,n/a:pytest_matrix,n/a:probe,n/a:probe,n/a:probe,n/a:probe,n/a:probe,child exited 3221225477 (0xC0000005) with no output; stderr[:300]='',n/a:probe,n/a:probe,n/a:probe,n/a:probe,n/a:probe,n/a:probe,n/a:probe,n/a:probe,n/a:pytest_matrix,n/a:pytest_matrix,n/a:probe,n/a:probe,n/a:probe,Release,Ninja,824033c3061d73d50784872248cdb55aa04674aa,2026.5.0.dev20260903,5.0.0,2.2.0.dev0+4f1a926,32.0.101.8991,a:probe
pytest_matrix,P_base_gemma3_gpu,2,20260907T172952Z,3.26,base,c9fff70b9f960bdb0c484fe0c2c1bed9d697bbaf,build/merge_base/,GPU,optimum-intel-internal-testing/tiny-random-gemma3,n/a:selected_by_fixture,n/a:whole_test,true:set_inside_the_test,n/a,n/a:probe,echo_probe_three_paths,CRASH_ACCESS_VIOLATION,3221225477,access_violation_0xC0000005,n/a:pytest_matrix,n/a:probe,n/a:probe,n/a:probe,n/a:probe,n/a:probe,child exited 3221225477 (0xC0000005) with no output; stderr[:300]='',n/a:probe,n/a:probe,n/a:probe,n/a:probe,n/a:probe,n/a:probe,n/a:probe,n/a:probe,n/a:pytest_matrix,n/a:pytest_matrix,n/a:probe,n/a:probe,n/a:probe,Release,Ninja,824033c3061d73d50784872248cdb55aa04674aa,2026.5.0.dev20260903,5.0.0,2.2.0.dev0+4f1a926,32.0.101.8991,a:probe
pytest_matrix,P_base_gemma3_gpu,3,20260907T172955Z,3.24,base,c9fff70b9f960bdb0c484fe0c2c1bed9d697bbaf,build/merge_base/,GPU,optimum-intel-internal-testing/tiny-random-gemma3,n/a:selected_by_fixture,n/a:whole_test,true:set_inside_the_test,n/a,n/a:probe,echo_probe_three_paths,CRASH_ACCESS_VIOLATION,3221225477,access_violation_0xC0000005,n/a:pytest_matrix,n/a:probe,n/a:probe,n/a:probe,n/a:probe,n/a:probe,child exited 3221225477 (0xC0000005) with no output; stderr[:300]='',n/a:probe,n/a:probe,n/a:probe,n/a:probe,n/a:probe,n/a:probe,n/a:probe,n/a:probe,n/a:pytest_matrix,n/a:pytest_matrix,n/a:probe,n/a:probe,n/a:probe,Release,Ninja,824033c3061d73d50784872248cdb55aa04674aa,2026.5.0.dev20260903,5.0.0,2.2.0.dev0+4f1a926,32.0.101.8991,a:probe
pytest_matrix,P_prhead_qwen2vl_gpu_unsupported,1,20260907T172958Z,0.94,prhead,e6fced66b1b8ccc685fe9ce8c10f199f5c095418,build/pr_head/,GPU,optimum-intel-internal-testing/tiny-random-qwen2vl,n/a:selected_by_fixture,n/a:whole_test,true:set_inside_the_test,n/a,n/a:probe,echo_probe_three_paths,NOT_ALL_PRESENT,n/a:probe,none,n/a:pytest_matrix,n/a:probe,n/a:probe,n/a:probe,n/a:probe,n/a:probe,string:RuntimeError; chat_history:RuntimeError; add_request:RuntimeError,exc:RuntimeError,exc:RuntimeError,exc:RuntimeError,n/a,n/a,n/a,n/a,n/a,n/a:pytest_matrix,n/a:pytest_matrix,unreachable:pipeline_construction_failed,0.672,n/a:probe,Release,Ninja,824033c3061d73d50784872248cdb55aa04674aa,2026.5.0.dev20260903,5.0.0,2.2.0.dev0+4f1a926,32.0.101.8991,P_prhead_qwen2vl_gpu_unsupported_rep1_20260907T172958Z.probe.json
pytest_matrix,P_prhead_qwen2vl_gpu_unsupported,2,20260907T172959Z,0.92,prhead,e6fced66b1b8ccc685fe9ce8c10f199f5c095418,build/pr_head/,GPU,optimum-intel-internal-testing/tiny-random-qwen2vl,n/a:selected_by_fixture,n/a:whole_test,true:set_inside_the_test,n/a,n/a:probe,echo_probe_three_paths,NOT_ALL_PRESENT,n/a:probe,none,n/a:pytest_matrix,n/a:probe,n/a:probe,n/a:probe,n/a:probe,n/a:probe,string:RuntimeError; chat_history:RuntimeError; add_request:RuntimeError,exc:RuntimeError,exc:RuntimeError,exc:RuntimeError,n/a,n/a,n/a,n/a,n/a,n/a:pytest_matrix,n/a:pytest_matrix,unreachable:pipeline_construction_failed,0.672,n/a:probe,Release,Ninja,824033c3061d73d50784872248cdb55aa04674aa,2026.5.0.dev20260903,5.0.0,2.2.0.dev0+4f1a926,32.0.101.8991,P_prhead_qwen2vl_gpu_unsupported_rep2_20260907T172959Z.probe.json
pytest_matrix,P_prhead_qwen2vl_gpu_unsupported,3,20260907T173000Z,0.94,prhead,e6fced66b1b8ccc685fe9ce8c10f199f5c095418,build/pr_head/,GPU,optimum-intel-internal-testing/tiny-random-qwen2vl,n/a:selected_by_fixture,n/a:whole_test,true:set_inside_the_test,n/a,n/a:probe,echo_probe_three_paths,NOT_ALL_PRESENT,n/a:probe,none,n/a:pytest_matrix,n/a:probe,n/a:probe,n/a:probe,n/a:probe,n/a:probe,string:RuntimeError; chat_history:RuntimeError; add_request:RuntimeError,exc:RuntimeError,exc:RuntimeError,exc:RuntimeError,n/a,n/a,n/a,n/a,n/a,n/a:pytest_matrix,n/a:pytest_matrix,unreachable:pipeline_construction_failed,0.656,n/a:probe,Release,Ninja,824033c3061d73d50784872248cdb55aa04674aa,2026.5.0.dev20260903,5.0.0,2.2.0.dev0+4f1a926,32.0.101.8991,P_prhead_qwen2vl_gpu_unsupported_rep3_20260907T173000Z.probe.json
pytest_matrix,A_prhead_shipped_cpu_close,1,20260907T173001Z,8.03,prhead,e6fced66b1b8ccc685fe9ce8c10f199f5c095418,build/pr_head/,CPU,MODEL_IDS[0],n/a:selected_by_fixture,n/a:whole_test,true:set_inside_the_test,V0_shipped.py,cd2add486410fa2b8b0719d78df128b2ebb308213161e7af7105ca140798c3a0,test_vlm_pipeline.py::test_vlm_prompt_ids_reach_sampler_for_chat_history_and_add_request,XFAIL_OR_SKIP,0,none,n/a:pytest_matrix,1,0,0,1,test_vlm_prompt_ids_reach_sampler_for_chat_history_and_add_request=skipped,AttributeError: 'DynamicCache' object has no attribute 'get_usable_length'. Ticket CVS-175110,n/a:pytest,n/a:pytest,n/a:pytest,n/a:pytest,n/a:pytest,n/a:pytest,n/a:pytest,n/a:pytest,n/a:pytest_matrix,n/a:pytest_matrix,n/a:pytest,n/a:pytest,620.9,Release,Ninja,824033c3061d73d50784872248cdb55aa04674aa,2026.5.0.dev20260903,5.0.0,2.2.0.dev0+4f1a926,32.0.101.8991,A_prhead_shipped_cpu_close_rep1_20260907T173001Z.row.json
pytest_matrix,A_prhead_shipped_cpu_close,2,20260907T173009Z,7.52,prhead,e6fced66b1b8ccc685fe9ce8c10f199f5c095418,build/pr_head/,CPU,MODEL_IDS[0],n/a:selected_by_fixture,n/a:whole_test,true:set_inside_the_test,V0_shipped.py,cd2add486410fa2b8b0719d78df128b2ebb308213161e7af7105ca140798c3a0,test_vlm_pipeline.py::test_vlm_prompt_ids_reach_sampler_for_chat_history_and_add_request,XFAIL_OR_SKIP,0,none,n/a:pytest_matrix,1,0,0,1,test_vlm_prompt_ids_reach_sampler_for_chat_history_and_add_request=skipped,AttributeError: 'DynamicCache' object has no attribute 'get_usable_length'. Ticket CVS-175110,n/a:pytest,n/a:pytest,n/a:pytest,n/a:pytest,n/a:pytest,n/a:pytest,n/a:pytest,n/a:pytest,n/a:pytest_matrix,n/a:pytest_matrix,n/a:pytest,n/a:pytest,620.9,Release,Ninja,824033c3061d73d50784872248cdb55aa04674aa,2026.5.0.dev20260903,5.0.0,2.2.0.dev0+4f1a926,32.0.101.8991,A_prhead_shipped_cpu_close_rep2_20260907T173009Z.row.json
pytest_matrix,A_prhead_shipped_cpu_close,3,20260907T173016Z,7.51,prhead,e6fced66b1b8ccc685fe9ce8c10f199f5c095418,build/pr_head/,CPU,MODEL_IDS[0],n/a:selected_by_fixture,n/a:whole_test,true:set_inside_the_test,V0_shipped.py,cd2add486410fa2b8b0719d78df128b2ebb308213161e7af7105ca140798c3a0,test_vlm_pipeline.py::test_vlm_prompt_ids_reach_sampler_for_chat_history_and_add_request,XFAIL_OR_SKIP,0,none,n/a:pytest_matrix,1,0,0,1,test_vlm_prompt_ids_reach_sampler_for_chat_history_and_add_request=skipped,AttributeError: 'DynamicCache' object has no attribute 'get_usable_length'. Ticket CVS-175110,n/a:pytest,n/a:pytest,n/a:pytest,n/a:pytest,n/a:pytest,n/a:pytest,n/a:pytest,n/a:pytest,n/a:pytest_matrix,n/a:pytest_matrix,n/a:pytest,n/a:pytest,621.0,Release,Ninja,824033c3061d73d50784872248cdb55aa04674aa,2026.5.0.dev20260903,5.0.0,2.2.0.dev0+4f1a926,32.0.101.8991,A_prhead_shipped_cpu_close_rep3_20260907T173016Z.row.json
echo_sweep,base_gemma3_CPU_string_echotrue,1,20260907T173024Z,0.56,base,c9fff70b9f960bdb0c484fe0c2c1bed9d697bbaf,build/merge_base/,CPU,gemma3,model_cache/optimum-intel-internal-testing/tiny-random-gemma3,string,true,n/a:no_pytest,n/a:no_pytest,one_path.py,COMPLETED,0,none,STEP generate(list[str]),n/a:echo_sweep,n/a:echo_sweep,n/a:echo_sweep,n/a:echo_sweep,n/a:echo_sweep,n/a:echo_sweep,n/a:echo_sweep,n/a:echo_sweep,n/a:echo_sweep,n/a:echo_sweep,n/a:echo_sweep,n/a:echo_sweep,n/a:echo_sweep,n/a:echo_sweep,75a36557bd2529c3f8378d94060c97a5e80a8822130c055080972aa3c24db278,RESULT text='user\nUnique sampler prompt sentinel 4368\nmodel\nстрі',n/a:echo_sweep,n/a:echo_sweep,n/a:echo_sweep,Release,Ninja,824033c3061d73d50784872248cdb55aa04674aa,2026.5.0.dev20260903,5.0.0,2.2.0.dev0+4f1a926,32.0.101.8991,base_gemma3_CPU_string_echotrue_rep1_20260907T173024Z.txt
echo_sweep,base_gemma3_CPU_string_echotrue,2,20260907T173025Z,0.55,base,c9fff70b9f960bdb0c484fe0c2c1bed9d697bbaf,build/merge_base/,CPU,gemma3,model_cache/optimum-intel-internal-testing/tiny-random-gemma3,string,true,n/a:no_pytest,n/a:no_pytest,one_path.py,COMPLETED,0,none,STEP generate(list[str]),n/a:echo_sweep,n/a:echo_sweep,n/a:echo_sweep,n/a:echo_sweep,n/a:echo_sweep,n/a:echo_sweep,n/a:echo_sweep,n/a:echo_sweep,n/a:echo_sweep,n/a:echo_sweep,n/a:echo_sweep,n/a:echo_sweep,n/a:echo_sweep,n/a:echo_sweep,75a36557bd2529c3f8378d94060c97a5e80a8822130c055080972aa3c24db278,RESULT text='user\nUnique sampler prompt sentinel 4368\nmodel\nстрі',n/a:echo_sweep,n/a:echo_sweep,n/a:echo_sweep,Release,Ninja,824033c3061d73d50784872248cdb55aa04674aa,2026.5.0.dev20260903,5.0.0,2.2.0.dev0+4f1a926,32.0.101.8991,base_gemma3_CPU_string_echotrue_rep2_20260907T173025Z.txt
echo_sweep,base_gemma3_CPU_string_echotrue,3,20260907T173025Z,0.55,base,c9fff70b9f960bdb0c484fe0c2c1bed9d697bbaf,build/merge_base/,CPU,gemma3,model_cache/optimum-intel-internal-testing/tiny-random-gemma3,string,true,n/a:no_pytest,n/a:no_pytest,one_path.py,COMPLETED,0,none,STEP generate(list[str]),n/a:echo_sweep,n/a:echo_sweep,n/a:echo_sweep,n/a:echo_sweep,n/a:echo_sweep,n/a:echo_sweep,n/a:echo_sweep,n/a:echo_sweep,n/a:echo_sweep,n/a:echo_sweep,n/a:echo_sweep,n/a:echo_sweep,n/a:echo_sweep,n/a:echo_sweep,75a36557bd2529c3f8378d94060c97a5e80a8822130c055080972aa3c24db278,RESULT text='user\nUnique sampler prompt sentinel 4368\nmodel\nстрі',n/a:echo_sweep,n/a:echo_sweep,n/a:echo_sweep,Release,Ninja,824033c3061d73d50784872248cdb55aa04674aa,2026.5.0.dev20260903,5.0.0,2.2.0.dev0+4f1a926,32.0.101.8991,base_gemma3_CPU_string_echotrue_rep3_20260907T173025Z.txt
echo_sweep,base_gemma3_CPU_chat_history_echotrue,1,20260907T173026Z,2.69,base,c9fff70b9f960bdb0c484fe0c2c1bed9d697bbaf,build/merge_base/,CPU,gemma3,model_cache/optimum-intel-internal-testing/tiny-random-gemma3,chat_history,true,n/a:no_pytest,n/a:no_pytest,one_path.py,CRASH,3221225477,access_violation_0xC0000005,STEP generate(list[ChatHistory]),n/a:echo_sweep,n/a:echo_sweep,n/a:echo_sweep,n/a:echo_sweep,n/a:echo_sweep,n/a:echo_sweep,n/a:echo_sweep,n/a:echo_sweep,n/a:echo_sweep,n/a:echo_sweep,n/a:echo_sweep,n/a:echo_sweep,n/a:echo_sweep,n/a:echo_sweep,n/a:no_result_line,n/a:no_result_line,n/a:echo_sweep,n/a:echo_sweep,n/a:echo_sweep,Release,Ninja,824033c3061d73d50784872248cdb55aa04674aa,2026.5.0.dev20260903,5.0.0,2.2.0.dev0+4f1a926,32.0.101.8991,base_gemma3_CPU_chat_history_echotrue_rep1_20260907T173026Z.txt
echo_sweep,base_gemma3_CPU_chat_history_echotrue,2,20260907T173029Z,2.59,base,c9fff70b9f960bdb0c484fe0c2c1bed9d697bbaf,build/merge_base/,CPU,gemma3,model_cache/optimum-intel-internal-testing/tiny-random-gemma3,chat_history,true,n/a:no_pytest,n/a:no_pytest,one_path.py,CRASH,3221225477,access_violation_0xC0000005,STEP generate(list[ChatHistory]),n/a:echo_sweep,n/a:echo_sweep,n/a:echo_sweep,n/a:echo_sweep,n/a:echo_sweep,n/a:echo_sweep,n/a:echo_sweep,n/a:echo_sweep,n/a:echo_sweep,n/a:echo_sweep,n/a:echo_sweep,n/a:echo_sweep,n/a:echo_sweep,n/a:echo_sweep,n/a:no_result_line,n/a:no_result_line,n/a:echo_sweep,n/a:echo_sweep,n/a:echo_sweep,Release,Ninja,824033c3061d73d50784872248cdb55aa04674aa,2026.5.0.dev20260903,5.0.0,2.2.0.dev0+4f1a926,32.0.101.8991,base_gemma3_CPU_chat_history_echotrue_rep2_20260907T173029Z.txt
echo_sweep,base_gemma3_CPU_chat_history_echotrue,3,20260907T173031Z,2.33,base,c9fff70b9f960bdb0c484fe0c2c1bed9d697bbaf,build/merge_base/,CPU,gemma3,model_cache/optimum-intel-internal-testing/tiny-random-gemma3,chat_history,true,n/a:no_pytest,n/a:no_pytest,one_path.py,CRASH,3221225477,access_violation_0xC0000005,STEP generate(list[ChatHistory]),n/a:echo_sweep,n/a:echo_sweep,n/a:echo_sweep,n/a:echo_sweep,n/a:echo_sweep,n/a:echo_sweep,n/a:echo_sweep,n/a:echo_sweep,n/a:echo_sweep,n/a:echo_sweep,n/a:echo_sweep,n/a:echo_sweep,n/a:echo_sweep,n/a:echo_sweep,n/a:no_result_line,n/a:no_result_line,n/a:echo_sweep,n/a:echo_sweep,n/a:echo_sweep,Release,Ninja,824033c3061d73d50784872248cdb55aa04674aa,2026.5.0.dev20260903,5.0.0,2.2.0.dev0+4f1a926,32.0.101.8991,base_gemma3_CPU_chat_history_echotrue_rep3_20260907T173031Z.txt
echo_sweep,base_gemma3_CPU_add_request_echotrue,1,20260907T173033Z,2.31,base,c9fff70b9f960bdb0c484fe0c2c1bed9d697bbaf,build/merge_base/,CPU,gemma3,model_cache/optimum-intel-internal-testing/tiny-random-gemma3,add_request,true,n/a:no_pytest,n/a:no_pytest,one_path.py,CRASH,3221225477,access_violation_0xC0000005,STEP add_request,n/a:echo_sweep,n/a:echo_sweep,n/a:echo_sweep,n/a:echo_sweep,n/a:echo_sweep,n/a:echo_sweep,n/a:echo_sweep,n/a:echo_sweep,n/a:echo_sweep,n/a:echo_sweep,n/a:echo_sweep,n/a:echo_sweep,n/a:echo_sweep,n/a:echo_sweep,n/a:no_result_line,n/a:no_result_line,n/a:echo_sweep,n/a:echo_sweep,n/a:echo_sweep,Release,Ninja,824033c3061d73d50784872248cdb55aa04674aa,2026.5.0.dev20260903,5.0.0,2.2.0.dev0+4f1a926,32.0.101.8991,base_gemma3_CPU_add_request_echotrue_rep1_20260907T173033Z.txt
echo_sweep,base_gemma3_CPU_add_request_echotrue,2,20260907T173036Z,2.31,base,c9fff70b9f960bdb0c484fe0c2c1bed9d697bbaf,build/merge_base/,CPU,gemma3,model_cache/optimum-intel-internal-testing/tiny-random-gemma3,add_request,true,n/a:no_pytest,n/a:no_pytest,one_path.py,CRASH,3221225477,access_violation_0xC0000005,STEP add_request,n/a:echo_sweep,n/a:echo_sweep,n/a:echo_sweep,n/a:echo_sweep,n/a:echo_sweep,n/a:echo_sweep,n/a:echo_sweep,n/a:echo_sweep,n/a:echo_sweep,n/a:echo_sweep,n/a:echo_sweep,n/a:echo_sweep,n/a:echo_sweep,n/a:echo_sweep,n/a:no_result_line,n/a:no_result_line,n/a:echo_sweep,n/a:echo_sweep,n/a:echo_sweep,Release,Ninja,824033c3061d73d50784872248cdb55aa04674aa,2026.5.0.dev20260903,5.0.0,2.2.0.dev0+4f1a926,32.0.101.8991,base_gemma3_CPU_add_request_echotrue_rep2_20260907T173036Z.txt
echo_sweep,base_gemma3_CPU_add_request_echotrue,3,20260907T173038Z,2.27,base,c9fff70b9f960bdb0c484fe0c2c1bed9d697bbaf,build/merge_base/,CPU,gemma3,model_cache/optimum-intel-internal-testing/tiny-random-gemma3,add_request,true,n/a:no_pytest,n/a:no_pytest,one_path.py,CRASH,3221225477,access_violation_0xC0000005,STEP add_request,n/a:echo_sweep,n/a:echo_sweep,n/a:echo_sweep,n/a:echo_sweep,n/a:echo_sweep,n/a:echo_sweep,n/a:echo_sweep,n/a:echo_sweep,n/a:echo_sweep,n/a:echo_sweep,n/a:echo_sweep,n/a:echo_sweep,n/a:echo_sweep,n/a:echo_sweep,n/a:no_result_line,n/a:no_result_line,n/a:echo_sweep,n/a:echo_sweep,n/a:echo_sweep,Release,Ninja,824033c3061d73d50784872248cdb55aa04674aa,2026.5.0.dev20260903,5.0.0,2.2.0.dev0+4f1a926,32.0.101.8991,base_gemma3_CPU_add_request_echotrue_rep3_20260907T173038Z.txt
echo_sweep,base_gemma3_CPU_string_echofalse,1,20260907T173040Z,0.53,base,c9fff70b9f960bdb0c484fe0c2c1bed9d697bbaf,build/merge_base/,CPU,gemma3,model_cache/optimum-intel-internal-testing/tiny-random-gemma3,string,false,n/a:no_pytest,n/a:no_pytest,one_path.py,COMPLETED,0,none,STEP generate(list[str]),n/a:echo_sweep,n/a:echo_sweep,n/a:echo_sweep,n/a:echo_sweep,n/a:echo_sweep,n/a:echo_sweep,n/a:echo_sweep,n/a:echo_sweep,n/a:echo_sweep,n/a:echo_sweep,n/a:echo_sweep,n/a:echo_sweep,n/a:echo_sweep,n/a:echo_sweep,153a2f682829cc4464b334a1b86dabf2a77d28734d310ffa54d7e98e83b542af,RESULT text='стрі',n/a:echo_sweep,n/a:echo_sweep,n/a:echo_sweep,Release,Ninja,824033c3061d73d50784872248cdb55aa04674aa,2026.5.0.dev20260903,5.0.0,2.2.0.dev0+4f1a926,32.0.101.8991,base_gemma3_CPU_string_echofalse_rep1_20260907T173040Z.txt
echo_sweep,base_gemma3_CPU_string_echofalse,2,20260907T173041Z,0.53,base,c9fff70b9f960bdb0c484fe0c2c1bed9d697bbaf,build/merge_base/,CPU,gemma3,model_cache/optimum-intel-internal-testing/tiny-random-gemma3,string,false,n/a:no_pytest,n/a:no_pytest,one_path.py,COMPLETED,0,none,STEP generate(list[str]),n/a:echo_sweep,n/a:echo_sweep,n/a:echo_sweep,n/a:echo_sweep,n/a:echo_sweep,n/a:echo_sweep,n/a:echo_sweep,n/a:echo_sweep,n/a:echo_sweep,n/a:echo_sweep,n/a:echo_sweep,n/a:echo_sweep,n/a:echo_sweep,n/a:echo_sweep,153a2f682829cc4464b334a1b86dabf2a77d28734d310ffa54d7e98e83b542af,RESULT text='стрі',n/a:echo_sweep,n/a:echo_sweep,n/a:echo_sweep,Release,Ninja,824033c3061d73d50784872248cdb55aa04674aa,2026.5.0.dev20260903,5.0.0,2.2.0.dev0+4f1a926,32.0.101.8991,base_gemma3_CPU_string_echofalse_rep2_20260907T173041Z.txt
echo_sweep,base_gemma3_CPU_string_echofalse,3,20260907T173041Z,0.53,base,c9fff70b9f960bdb0c484fe0c2c1bed9d697bbaf,build/merge_base/,CPU,gemma3,model_cache/optimum-intel-internal-testing/tiny-random-gemma3,string,false,n/a:no_pytest,n/a:no_pytest,one_path.py,COMPLETED,0,none,STEP generate(list[str]),n/a:echo_sweep,n/a:echo_sweep,n/a:echo_sweep,n/a:echo_sweep,n/a:echo_sweep,n/a:echo_sweep,n/a:echo_sweep,n/a:echo_sweep,n/a:echo_sweep,n/a:echo_sweep,n/a:echo_sweep,n/a:echo_sweep,n/a:echo_sweep,n/a:echo_sweep,153a2f682829cc4464b334a1b86dabf2a77d28734d310ffa54d7e98e83b542af,RESULT text='стрі',n/a:echo_sweep,n/a:echo_sweep,n/a:echo_sweep,Release,Ninja,824033c3061d73d50784872248cdb55aa04674aa,2026.5.0.dev20260903,5.0.0,2.2.0.dev0+4f1a926,32.0.101.8991,base_gemma3_CPU_string_echofalse_rep3_20260907T173041Z.txt
echo_sweep,base_gemma3_CPU_chat_history_echofalse,1,20260907T173042Z,0.51,base,c9fff70b9f960bdb0c484fe0c2c1bed9d697bbaf,build/merge_base/,CPU,gemma3,model_cache/optimum-intel-internal-testing/tiny-random-gemma3,chat_history,false,n/a:no_pytest,n/a:no_pytest,one_path.py,COMPLETED,0,none,STEP generate(list[ChatHistory]),n/a:echo_sweep,n/a:echo_sweep,n/a:echo_sweep,n/a:echo_sweep,n/a:echo_sweep,n/a:echo_sweep,n/a:echo_sweep,n/a:echo_sweep,n/a:echo_sweep,n/a:echo_sweep,n/a:echo_sweep,n/a:echo_sweep,n/a:echo_sweep,n/a:echo_sweep,153a2f682829cc4464b334a1b86dabf2a77d28734d310ffa54d7e98e83b542af,RESULT text='стрі',n/a:echo_sweep,n/a:echo_sweep,n/a:echo_sweep,Release,Ninja,824033c3061d73d50784872248cdb55aa04674aa,2026.5.0.dev20260903,5.0.0,2.2.0.dev0+4f1a926,32.0.101.8991,base_gemma3_CPU_chat_history_echofalse_rep1_20260907T173042Z.txt
echo_sweep,base_gemma3_CPU_chat_history_echofalse,2,20260907T173042Z,0.55,base,c9fff70b9f960bdb0c484fe0c2c1bed9d697bbaf,build/merge_base/,CPU,gemma3,model_cache/optimum-intel-internal-testing/tiny-random-gemma3,chat_history,false,n/a:no_pytest,n/a:no_pytest,one_path.py,COMPLETED,0,none,STEP generate(list[ChatHistory]),n/a:echo_sweep,n/a:echo_sweep,n/a:echo_sweep,n/a:echo_sweep,n/a:echo_sweep,n/a:echo_sweep,n/a:echo_sweep,n/a:echo_sweep,n/a:echo_sweep,n/a:echo_sweep,n/a:echo_sweep,n/a:echo_sweep,n/a:echo_sweep,n/a:echo_sweep,153a2f682829cc4464b334a1b86dabf2a77d28734d310ffa54d7e98e83b542af,RESULT text='стрі',n/a:echo_sweep,n/a:echo_sweep,n/a:echo_sweep,Release,Ninja,824033c3061d73d50784872248cdb55aa04674aa,2026.5.0.dev20260903,5.0.0,2.2.0.dev0+4f1a926,32.0.101.8991,base_gemma3_CPU_chat_history_echofalse_rep2_20260907T173042Z.txt
echo_sweep,base_gemma3_CPU_chat_history_echofalse,3,20260907T173043Z,0.52,base,c9fff70b9f960bdb0c484fe0c2c1bed9d697bbaf,build/merge_base/,CPU,gemma3,model_cache/optimum-intel-internal-testing/tiny-random-gemma3,chat_history,false,n/a:no_pytest,n/a:no_pytest,one_path.py,COMPLETED,0,none,STEP generate(list[ChatHistory]),n/a:echo_sweep,n/a:echo_sweep,n/a:echo_sweep,n/a:echo_sweep,n/a:echo_sweep,n/a:echo_sweep,n/a:echo_sweep,n/a:echo_sweep,n/a:echo_sweep,n/a:echo_sweep,n/a:echo_sweep,n/a:echo_sweep,n/a:echo_sweep,n/a:echo_sweep,153a2f682829cc4464b334a1b86dabf2a77d28734d310ffa54d7e98e83b542af,RESULT text='стрі',n/a:echo_sweep,n/a:echo_sweep,n/a:echo_sweep,Release,Ninja,824033c3061d73d50784872248cdb55aa04674aa,2026.5.0.dev20260903,5.0.0,2.2.0.dev0+4f1a926,32.0.101.8991,base_gemma3_CPU_chat_history_echofalse_rep3_20260907T173043Z.txt
echo_sweep,base_gemma3_CPU_add_request_echofalse,1,20260907T173044Z,0.5,base,c9fff70b9f960bdb0c484fe0c2c1bed9d697bbaf,build/merge_base/,CPU,gemma3,model_cache/optimum-intel-internal-testing/tiny-random-gemma3,add_request,false,n/a:no_pytest,n/a:no_pytest,one_path.py,COMPLETED,0,none,STEP finished after 1 step(s),n/a:echo_sweep,n/a:echo_sweep,n/a:echo_sweep,n/a:echo_sweep,n/a:echo_sweep,n/a:echo_sweep,n/a:echo_sweep,n/a:echo_sweep,n/a:echo_sweep,n/a:echo_sweep,n/a:echo_sweep,n/a:echo_sweep,n/a:echo_sweep,n/a:echo_sweep,151bba38b945f30c562265c3f2e4af57b0209597b1bfaec7296b6222bea7f7bc,RESULT decoded='стрі',n/a:echo_sweep,n/a:echo_sweep,n/a:echo_sweep,Release,Ninja,824033c3061d73d50784872248cdb55aa04674aa,2026.5.0.dev20260903,5.0.0,2.2.0.dev0+4f1a926,32.0.101.8991,base_gemma3_CPU_add_request_echofalse_rep1_20260907T173044Z.txt
echo_sweep,base_gemma3_CPU_add_request_echofalse,2,20260907T173044Z,0.5,base,c9fff70b9f960bdb0c484fe0c2c1bed9d697bbaf,build/merge_base/,CPU,gemma3,model_cache/optimum-intel-internal-testing/tiny-random-gemma3,add_request,false,n/a:no_pytest,n/a:no_pytest,one_path.py,COMPLETED,0,none,STEP finished after 1 step(s),n/a:echo_sweep,n/a:echo_sweep,n/a:echo_sweep,n/a:echo_sweep,n/a:echo_sweep,n/a:echo_sweep,n/a:echo_sweep,n/a:echo_sweep,n/a:echo_sweep,n/a:echo_sweep,n/a:echo_sweep,n/a:echo_sweep,n/a:echo_sweep,n/a:echo_sweep,151bba38b945f30c562265c3f2e4af57b0209597b1bfaec7296b6222bea7f7bc,RESULT decoded='стрі',n/a:echo_sweep,n/a:echo_sweep,n/a:echo_sweep,Release,Ninja,824033c3061d73d50784872248cdb55aa04674aa,2026.5.0.dev20260903,5.0.0,2.2.0.dev0+4f1a926,32.0.101.8991,base_gemma3_CPU_add_request_echofalse_rep2_20260907T173044Z.txt
echo_sweep,base_gemma3_CPU_add_request_echofalse,3,20260907T173045Z,0.5,base,c9fff70b9f960bdb0c484fe0c2c1bed9d697bbaf,build/merge_base/,CPU,gemma3,model_cache/optimum-intel-internal-testing/tiny-random-gemma3,add_request,false,n/a:no_pytest,n/a:no_pytest,one_path.py,COMPLETED,0,none,STEP finished after 1 step(s),n/a:echo_sweep,n/a:echo_sweep,n/a:echo_sweep,n/a:echo_sweep,n/a:echo_sweep,n/a:echo_sweep,n/a:echo_sweep,n/a:echo_sweep,n/a:echo_sweep,n/a:echo_sweep,n/a:echo_sweep,n/a:echo_sweep,n/a:echo_sweep,n/a:echo_sweep,151bba38b945f30c562265c3f2e4af57b0209597b1bfaec7296b6222bea7f7bc,RESULT decoded='стрі',n/a:echo_sweep,n/a:echo_sweep,n/a:echo_sweep,Release,Ninja,824033c3061d73d50784872248cdb55aa04674aa,2026.5.0.dev20260903,5.0.0,2.2.0.dev0+4f1a926,32.0.101.8991,base_gemma3_CPU_add_request_echofalse_rep3_20260907T173045Z.txt
echo_sweep,base_qwen2vl_CPU_string_echotrue,1,20260907T173045Z,0.53,base,c9fff70b9f960bdb0c484fe0c2c1bed9d697bbaf,build/merge_base/,CPU,qwen2vl,model_cache/optimum-intel-internal-testing/tiny-random-qwen2vl,string,true,n/a:no_pytest,n/a:no_pytest,one_path.py,COMPLETED,0,none,STEP generate(list[str]),n/a:echo_sweep,n/a:echo_sweep,n/a:echo_sweep,n/a:echo_sweep,n/a:echo_sweep,n/a:echo_sweep,n/a:echo_sweep,n/a:echo_sweep,n/a:echo_sweep,n/a:echo_sweep,n/a:echo_sweep,n/a:echo_sweep,n/a:echo_sweep,n/a:echo_sweep,b0216ec9588b0f628aa399475f81bfa79729794d62f14a48cc8750a4ea82f54b,RESULT text='system\nYou are a helpful assistant.\nuser\nUnique sampler prompt sentinel 4368\nassistant\n.seed',n/a:echo_sweep,n/a:echo_sweep,n/a:echo_sweep,Release,Ninja,824033c3061d73d50784872248cdb55aa04674aa,2026.5.0.dev20260903,5.0.0,2.2.0.dev0+4f1a926,32.0.101.8991,base_qwen2vl_CPU_string_echotrue_rep1_20260907T173045Z.txt
echo_sweep,base_qwen2vl_CPU_string_echotrue,2,20260907T173046Z,0.53,base,c9fff70b9f960bdb0c484fe0c2c1bed9d697bbaf,build/merge_base/,CPU,qwen2vl,model_cache/optimum-intel-internal-testing/tiny-random-qwen2vl,string,true,n/a:no_pytest,n/a:no_pytest,one_path.py,COMPLETED,0,none,STEP generate(list[str]),n/a:echo_sweep,n/a:echo_sweep,n/a:echo_sweep,n/a:echo_sweep,n/a:echo_sweep,n/a:echo_sweep,n/a:echo_sweep,n/a:echo_sweep,n/a:echo_sweep,n/a:echo_sweep,n/a:echo_sweep,n/a:echo_sweep,n/a:echo_sweep,n/a:echo_sweep,b0216ec9588b0f628aa399475f81bfa79729794d62f14a48cc8750a4ea82f54b,RESULT text='system\nYou are a helpful assistant.\nuser\nUnique sampler prompt sentinel 4368\nassistant\n.seed',n/a:echo_sweep,n/a:echo_sweep,n/a:echo_sweep,Release,Ninja,824033c3061d73d50784872248cdb55aa04674aa,2026.5.0.dev20260903,5.0.0,2.2.0.dev0+4f1a926,32.0.101.8991,base_qwen2vl_CPU_string_echotrue_rep2_20260907T173046Z.txt
echo_sweep,base_qwen2vl_CPU_string_echotrue,3,20260907T173046Z,0.53,base,c9fff70b9f960bdb0c484fe0c2c1bed9d697bbaf,build/merge_base/,CPU,qwen2vl,model_cache/optimum-intel-internal-testing/tiny-random-qwen2vl,string,true,n/a:no_pytest,n/a:no_pytest,one_path.py,COMPLETED,0,none,STEP generate(list[str]),n/a:echo_sweep,n/a:echo_sweep,n/a:echo_sweep,n/a:echo_sweep,n/a:echo_sweep,n/a:echo_sweep,n/a:echo_sweep,n/a:echo_sweep,n/a:echo_sweep,n/a:echo_sweep,n/a:echo_sweep,n/a:echo_sweep,n/a:echo_sweep,n/a:echo_sweep,b0216ec9588b0f628aa399475f81bfa79729794d62f14a48cc8750a4ea82f54b,RESULT text='system\nYou are a helpful assistant.\nuser\nUnique sampler prompt sentinel 4368\nassistant\n.seed',n/a:echo_sweep,n/a:echo_sweep,n/a:echo_sweep,Release,Ninja,824033c3061d73d50784872248cdb55aa04674aa,2026.5.0.dev20260903,5.0.0,2.2.0.dev0+4f1a926,32.0.101.8991,base_qwen2vl_CPU_string_echotrue_rep3_20260907T173046Z.txt
echo_sweep,base_qwen2vl_CPU_chat_history_echotrue,1,20260907T173047Z,2.34,base,c9fff70b9f960bdb0c484fe0c2c1bed9d697bbaf,build/merge_base/,CPU,qwen2vl,model_cache/optimum-intel-internal-testing/tiny-random-qwen2vl,chat_history,true,n/a:no_pytest,n/a:no_pytest,one_path.py,CRASH,3221225477,access_violation_0xC0000005,STEP generate(list[ChatHistory]),n/a:echo_sweep,n/a:echo_sweep,n/a:echo_sweep,n/a:echo_sweep,n/a:echo_sweep,n/a:echo_sweep,n/a:echo_sweep,n/a:echo_sweep,n/a:echo_sweep,n/a:echo_sweep,n/a:echo_sweep,n/a:echo_sweep,n/a:echo_sweep,n/a:echo_sweep,n/a:no_result_line,n/a:no_result_line,n/a:echo_sweep,n/a:echo_sweep,n/a:echo_sweep,Release,Ninja,824033c3061d73d50784872248cdb55aa04674aa,2026.5.0.dev20260903,5.0.0,2.2.0.dev0+4f1a926,32.0.101.8991,base_qwen2vl_CPU_chat_history_echotrue_rep1_20260907T173047Z.txt
echo_sweep,base_qwen2vl_CPU_chat_history_echotrue,2,20260907T173049Z,2.34,base,c9fff70b9f960bdb0c484fe0c2c1bed9d697bbaf,build/merge_base/,CPU,qwen2vl,model_cache/optimum-intel-internal-testing/tiny-random-qwen2vl,chat_history,true,n/a:no_pytest,n/a:no_pytest,one_path.py,CRASH,3221225477,access_violation_0xC0000005,STEP generate(list[ChatHistory]),n/a:echo_sweep,n/a:echo_sweep,n/a:echo_sweep,n/a:echo_sweep,n/a:echo_sweep,n/a:echo_sweep,n/a:echo_sweep,n/a:echo_sweep,n/a:echo_sweep,n/a:echo_sweep,n/a:echo_sweep,n/a:echo_sweep,n/a:echo_sweep,n/a:echo_sweep,n/a:no_result_line,n/a:no_result_line,n/a:echo_sweep,n/a:echo_sweep,n/a:echo_sweep,Release,Ninja,824033c3061d73d50784872248cdb55aa04674aa,2026.5.0.dev20260903,5.0.0,2.2.0.dev0+4f1a926,32.0.101.8991,base_qwen2vl_CPU_chat_history_echotrue_rep2_20260907T173049Z.txt
echo_sweep,base_qwen2vl_CPU_chat_history_echotrue,3,20260907T173051Z,2.36,base,c9fff70b9f960bdb0c484fe0c2c1bed9d697bbaf,build/merge_base/,CPU,qwen2vl,model_cache/optimum-intel-internal-testing/tiny-random-qwen2vl,chat_history,true,n/a:no_pytest,n/a:no_pytest,one_path.py,CRASH,3221225477,access_violation_0xC0000005,STEP generate(list[ChatHistory]),n/a:echo_sweep,n/a:echo_sweep,n/a:echo_sweep,n/a:echo_sweep,n/a:echo_sweep,n/a:echo_sweep,n/a:echo_sweep,n/a:echo_sweep,n/a:echo_sweep,n/a:echo_sweep,n/a:echo_sweep,n/a:echo_sweep,n/a:echo_sweep,n/a:echo_sweep,n/a:no_result_line,n/a:no_result_line,n/a:echo_sweep,n/a:echo_sweep,n/a:echo_sweep,Release,Ninja,824033c3061d73d50784872248cdb55aa04674aa,2026.5.0.dev20260903,5.0.0,2.2.0.dev0+4f1a926,32.0.101.8991,base_qwen2vl_CPU_chat_history_echotrue_rep3_20260907T173051Z.txt
echo_sweep,base_qwen2vl_CPU_add_request_echotrue,1,20260907T173054Z,2.31,base,c9fff70b9f960bdb0c484fe0c2c1bed9d697bbaf,build/merge_base/,CPU,qwen2vl,model_cache/optimum-intel-internal-testing/tiny-random-qwen2vl,add_request,true,n/a:no_pytest,n/a:no_pytest,one_path.py,CRASH,3221225477,access_violation_0xC0000005,STEP add_request,n/a:echo_sweep,n/a:echo_sweep,n/a:echo_sweep,n/a:echo_sweep,n/a:echo_sweep,n/a:echo_sweep,n/a:echo_sweep,n/a:echo_sweep,n/a:echo_sweep,n/a:echo_sweep,n/a:echo_sweep,n/a:echo_sweep,n/a:echo_sweep,n/a:echo_sweep,n/a:no_result_line,n/a:no_result_line,n/a:echo_sweep,n/a:echo_sweep,n/a:echo_sweep,Release,Ninja,824033c3061d73d50784872248cdb55aa04674aa,2026.5.0.dev20260903,5.0.0,2.2.0.dev0+4f1a926,32.0.101.8991,base_qwen2vl_CPU_add_request_echotrue_rep1_20260907T173054Z.txt
echo_sweep,base_qwen2vl_CPU_add_request_echotrue,2,20260907T173056Z,2.31,base,c9fff70b9f960bdb0c484fe0c2c1bed9d697bbaf,build/merge_base/,CPU,qwen2vl,model_cache/optimum-intel-internal-testing/tiny-random-qwen2vl,add_request,true,n/a:no_pytest,n/a:no_pytest,one_path.py,CRASH,3221225477,access_violation_0xC0000005,STEP add_request,n/a:echo_sweep,n/a:echo_sweep,n/a:echo_sweep,n/a:echo_sweep,n/a:echo_sweep,n/a:echo_sweep,n/a:echo_sweep,n/a:echo_sweep,n/a:echo_sweep,n/a:echo_sweep,n/a:echo_sweep,n/a:echo_sweep,n/a:echo_sweep,n/a:echo_sweep,n/a:no_result_line,n/a:no_result_line,n/a:echo_sweep,n/a:echo_sweep,n/a:echo_sweep,Release,Ninja,824033c3061d73d50784872248cdb55aa04674aa,2026.5.0.dev20260903,5.0.0,2.2.0.dev0+4f1a926,32.0.101.8991,base_qwen2vl_CPU_add_request_echotrue_rep2_20260907T173056Z.txt
echo_sweep,base_qwen2vl_CPU_add_request_echotrue,3,20260907T173058Z,2.26,base,c9fff70b9f960bdb0c484fe0c2c1bed9d697bbaf,build/merge_base/,CPU,qwen2vl,model_cache/optimum-intel-internal-testing/tiny-random-qwen2vl,add_request,true,n/a:no_pytest,n/a:no_pytest,one_path.py,CRASH,3221225477,access_violation_0xC0000005,STEP add_request,n/a:echo_sweep,n/a:echo_sweep,n/a:echo_sweep,n/a:echo_sweep,n/a:echo_sweep,n/a:echo_sweep,n/a:echo_sweep,n/a:echo_sweep,n/a:echo_sweep,n/a:echo_sweep,n/a:echo_sweep,n/a:echo_sweep,n/a:echo_sweep,n/a:echo_sweep,n/a:no_result_line,n/a:no_result_line,n/a:echo_sweep,n/a:echo_sweep,n/a:echo_sweep,Release,Ninja,824033c3061d73d50784872248cdb55aa04674aa,2026.5.0.dev20260903,5.0.0,2.2.0.dev0+4f1a926,32.0.101.8991,base_qwen2vl_CPU_add_request_echotrue_rep3_20260907T173058Z.txt
echo_sweep,base_qwen2vl_CPU_string_echofalse,1,20260907T173101Z,0.53,base,c9fff70b9f960bdb0c484fe0c2c1bed9d697bbaf,build/merge_base/,CPU,qwen2vl,model_cache/optimum-intel-internal-testing/tiny-random-qwen2vl,string,false,n/a:no_pytest,n/a:no_pytest,one_path.py,COMPLETED,0,none,STEP generate(list[str]),n/a:echo_sweep,n/a:echo_sweep,n/a:echo_sweep,n/a:echo_sweep,n/a:echo_sweep,n/a:echo_sweep,n/a:echo_sweep,n/a:echo_sweep,n/a:echo_sweep,n/a:echo_sweep,n/a:echo_sweep,n/a:echo_sweep,n/a:echo_sweep,n/a:echo_sweep,4d0ca4dbf0676fc05643309718a8d7082708f6fb98e586a7bd07b8c937227265,RESULT text='.seed',n/a:echo_sweep,n/a:echo_sweep,n/a:echo_sweep,Release,Ninja,824033c3061d73d50784872248cdb55aa04674aa,2026.5.0.dev20260903,5.0.0,2.2.0.dev0+4f1a926,32.0.101.8991,base_qwen2vl_CPU_string_echofalse_rep1_20260907T173101Z.txt
echo_sweep,base_qwen2vl_CPU_string_echofalse,2,20260907T173101Z,0.52,base,c9fff70b9f960bdb0c484fe0c2c1bed9d697bbaf,build/merge_base/,CPU,qwen2vl,model_cache/optimum-intel-internal-testing/tiny-random-qwen2vl,string,false,n/a:no_pytest,n/a:no_pytest,one_path.py,COMPLETED,0,none,STEP generate(list[str]),n/a:echo_sweep,n/a:echo_sweep,n/a:echo_sweep,n/a:echo_sweep,n/a:echo_sweep,n/a:echo_sweep,n/a:echo_sweep,n/a:echo_sweep,n/a:echo_sweep,n/a:echo_sweep,n/a:echo_sweep,n/a:echo_sweep,n/a:echo_sweep,n/a:echo_sweep,4d0ca4dbf0676fc05643309718a8d7082708f6fb98e586a7bd07b8c937227265,RESULT text='.seed',n/a:echo_sweep,n/a:echo_sweep,n/a:echo_sweep,Release,Ninja,824033c3061d73d50784872248cdb55aa04674aa,2026.5.0.dev20260903,5.0.0,2.2.0.dev0+4f1a926,32.0.101.8991,base_qwen2vl_CPU_string_echofalse_rep2_20260907T173101Z.txt
echo_sweep,base_qwen2vl_CPU_string_echofalse,3,20260907T173102Z,0.5,base,c9fff70b9f960bdb0c484fe0c2c1bed9d697bbaf,build/merge_base/,CPU,qwen2vl,model_cache/optimum-intel-internal-testing/tiny-random-qwen2vl,string,false,n/a:no_pytest,n/a:no_pytest,one_path.py,COMPLETED,0,none,STEP generate(list[str]),n/a:echo_sweep,n/a:echo_sweep,n/a:echo_sweep,n/a:echo_sweep,n/a:echo_sweep,n/a:echo_sweep,n/a:echo_sweep,n/a:echo_sweep,n/a:echo_sweep,n/a:echo_sweep,n/a:echo_sweep,n/a:echo_sweep,n/a:echo_sweep,n/a:echo_sweep,4d0ca4dbf0676fc05643309718a8d7082708f6fb98e586a7bd07b8c937227265,RESULT text='.seed',n/a:echo_sweep,n/a:echo_sweep,n/a:echo_sweep,Release,Ninja,824033c3061d73d50784872248cdb55aa04674aa,2026.5.0.dev20260903,5.0.0,2.2.0.dev0+4f1a926,32.0.101.8991,base_qwen2vl_CPU_string_echofalse_rep3_20260907T173102Z.txt
echo_sweep,base_qwen2vl_CPU_chat_history_echofalse,1,20260907T173102Z,0.51,base,c9fff70b9f960bdb0c484fe0c2c1bed9d697bbaf,build/merge_base/,CPU,qwen2vl,model_cache/optimum-intel-internal-testing/tiny-random-qwen2vl,chat_history,false,n/a:no_pytest,n/a:no_pytest,one_path.py,COMPLETED,0,none,STEP generate(list[ChatHistory]),n/a:echo_sweep,n/a:echo_sweep,n/a:echo_sweep,n/a:echo_sweep,n/a:echo_sweep,n/a:echo_sweep,n/a:echo_sweep,n/a:echo_sweep,n/a:echo_sweep,n/a:echo_sweep,n/a:echo_sweep,n/a:echo_sweep,n/a:echo_sweep,n/a:echo_sweep,4d0ca4dbf0676fc05643309718a8d7082708f6fb98e586a7bd07b8c937227265,RESULT text='.seed',n/a:echo_sweep,n/a:echo_sweep,n/a:echo_sweep,Release,Ninja,824033c3061d73d50784872248cdb55aa04674aa,2026.5.0.dev20260903,5.0.0,2.2.0.dev0+4f1a926,32.0.101.8991,base_qwen2vl_CPU_chat_history_echofalse_rep1_20260907T173102Z.txt
echo_sweep,base_qwen2vl_CPU_chat_history_echofalse,2,20260907T173103Z,0.5,base,c9fff70b9f960bdb0c484fe0c2c1bed9d697bbaf,build/merge_base/,CPU,qwen2vl,model_cache/optimum-intel-internal-testing/tiny-random-qwen2vl,chat_history,false,n/a:no_pytest,n/a:no_pytest,one_path.py,COMPLETED,0,none,STEP generate(list[ChatHistory]),n/a:echo_sweep,n/a:echo_sweep,n/a:echo_sweep,n/a:echo_sweep,n/a:echo_sweep,n/a:echo_sweep,n/a:echo_sweep,n/a:echo_sweep,n/a:echo_sweep,n/a:echo_sweep,n/a:echo_sweep,n/a:echo_sweep,n/a:echo_sweep,n/a:echo_sweep,4d0ca4dbf0676fc05643309718a8d7082708f6fb98e586a7bd07b8c937227265,RESULT text='.seed',n/a:echo_sweep,n/a:echo_sweep,n/a:echo_sweep,Release,Ninja,824033c3061d73d50784872248cdb55aa04674aa,2026.5.0.dev20260903,5.0.0,2.2.0.dev0+4f1a926,32.0.101.8991,base_qwen2vl_CPU_chat_history_echofalse_rep2_20260907T173103Z.txt
echo_sweep,base_qwen2vl_CPU_chat_history_echofalse,3,20260907T173103Z,0.53,base,c9fff70b9f960bdb0c484fe0c2c1bed9d697bbaf,build/merge_base/,CPU,qwen2vl,model_cache/optimum-intel-internal-testing/tiny-random-qwen2vl,chat_history,false,n/a:no_pytest,n/a:no_pytest,one_path.py,COMPLETED,0,none,STEP generate(list[ChatHistory]),n/a:echo_sweep,n/a:echo_sweep,n/a:echo_sweep,n/a:echo_sweep,n/a:echo_sweep,n/a:echo_sweep,n/a:echo_sweep,n/a:echo_sweep,n/a:echo_sweep,n/a:echo_sweep,n/a:echo_sweep,n/a:echo_sweep,n/a:echo_sweep,n/a:echo_sweep,4d0ca4dbf0676fc05643309718a8d7082708f6fb98e586a7bd07b8c937227265,RESULT text='.seed',n/a:echo_sweep,n/a:echo_sweep,n/a:echo_sweep,Release,Ninja,824033c3061d73d50784872248cdb55aa04674aa,2026.5.0.dev20260903,5.0.0,2.2.0.dev0+4f1a926,32.0.101.8991,base_qwen2vl_CPU_chat_history_echofalse_rep3_20260907T173103Z.txt
echo_sweep,base_qwen2vl_CPU_add_request_echofalse,1,20260907T173104Z,0.48,base,c9fff70b9f960bdb0c484fe0c2c1bed9d697bbaf,build/merge_base/,CPU,qwen2vl,model_cache/optimum-intel-internal-testing/tiny-random-qwen2vl,add_request,false,n/a:no_pytest,n/a:no_pytest,one_path.py,COMPLETED,0,none,STEP finished after 1 step(s),n/a:echo_sweep,n/a:echo_sweep,n/a:echo_sweep,n/a:echo_sweep,n/a:echo_sweep,n/a:echo_sweep,n/a:echo_sweep,n/a:echo_sweep,n/a:echo_sweep,n/a:echo_sweep,n/a:echo_sweep,n/a:echo_sweep,n/a:echo_sweep,n/a:echo_sweep,eef97e6d0048c4640394ff21406702308a58c5c93a60a801ccf650eeedd44621,RESULT decoded='.seed',n/a:echo_sweep,n/a:echo_sweep,n/a:echo_sweep,Release,Ninja,824033c3061d73d50784872248cdb55aa04674aa,2026.5.0.dev20260903,5.0.0,2.2.0.dev0+4f1a926,32.0.101.8991,base_qwen2vl_CPU_add_request_echofalse_rep1_20260907T173104Z.txt
echo_sweep,base_qwen2vl_CPU_add_request_echofalse,2,20260907T173104Z,0.48,base,c9fff70b9f960bdb0c484fe0c2c1bed9d697bbaf,build/merge_base/,CPU,qwen2vl,model_cache/optimum-intel-internal-testing/tiny-random-qwen2vl,add_request,false,n/a:no_pytest,n/a:no_pytest,one_path.py,COMPLETED,0,none,STEP finished after 1 step(s),n/a:echo_sweep,n/a:echo_sweep,n/a:echo_sweep,n/a:echo_sweep,n/a:echo_sweep,n/a:echo_sweep,n/a:echo_sweep,n/a:echo_sweep,n/a:echo_sweep,n/a:echo_sweep,n/a:echo_sweep,n/a:echo_sweep,n/a:echo_sweep,n/a:echo_sweep,eef97e6d0048c4640394ff21406702308a58c5c93a60a801ccf650eeedd44621,RESULT decoded='.seed',n/a:echo_sweep,n/a:echo_sweep,n/a:echo_sweep,Release,Ninja,824033c3061d73d50784872248cdb55aa04674aa,2026.5.0.dev20260903,5.0.0,2.2.0.dev0+4f1a926,32.0.101.8991,base_qwen2vl_CPU_add_request_echofalse_rep2_20260907T173104Z.txt
echo_sweep,base_qwen2vl_CPU_add_request_echofalse,3,20260907T173105Z,0.49,base,c9fff70b9f960bdb0c484fe0c2c1bed9d697bbaf,build/merge_base/,CPU,qwen2vl,model_cache/optimum-intel-internal-testing/tiny-random-qwen2vl,add_request,false,n/a:no_pytest,n/a:no_pytest,one_path.py,COMPLETED,0,none,STEP finished after 1 step(s),n/a:echo_sweep,n/a:echo_sweep,n/a:echo_sweep,n/a:echo_sweep,n/a:echo_sweep,n/a:echo_sweep,n/a:echo_sweep,n/a:echo_sweep,n/a:echo_sweep,n/a:echo_sweep,n/a:echo_sweep,n/a:echo_sweep,n/a:echo_sweep,n/a:echo_sweep,eef97e6d0048c4640394ff21406702308a58c5c93a60a801ccf650eeedd44621,RESULT decoded='.seed',n/a:echo_sweep,n/a:echo_sweep,n/a:echo_sweep,Release,Ninja,824033c3061d73d50784872248cdb55aa04674aa,2026.5.0.dev20260903,5.0.0,2.2.0.dev0+4f1a926,32.0.101.8991,base_qwen2vl_CPU_add_request_echofalse_rep3_20260907T173105Z.txt
echo_sweep,prhead_gemma3_CPU_string_echotrue,1,20260907T173105Z,0.55,prhead,e6fced66b1b8ccc685fe9ce8c10f199f5c095418,build/pr_head/,CPU,gemma3,model_cache/optimum-intel-internal-testing/tiny-random-gemma3,string,true,n/a:no_pytest,n/a:no_pytest,one_path.py,COMPLETED,0,none,STEP generate(list[str]),n/a:echo_sweep,n/a:echo_sweep,n/a:echo_sweep,n/a:echo_sweep,n/a:echo_sweep,n/a:echo_sweep,n/a:echo_sweep,n/a:echo_sweep,n/a:echo_sweep,n/a:echo_sweep,n/a:echo_sweep,n/a:echo_sweep,n/a:echo_sweep,n/a:echo_sweep,75a36557bd2529c3f8378d94060c97a5e80a8822130c055080972aa3c24db278,RESULT text='user\nUnique sampler prompt sentinel 4368\nmodel\nстрі',n/a:echo_sweep,n/a:echo_sweep,n/a:echo_sweep,Release,Ninja,824033c3061d73d50784872248cdb55aa04674aa,2026.5.0.dev20260903,5.0.0,2.2.0.dev0+4f1a926,32.0.101.8991,prhead_gemma3_CPU_string_echotrue_rep1_20260907T173105Z.txt
echo_sweep,prhead_gemma3_CPU_string_echotrue,2,20260907T173106Z,0.53,prhead,e6fced66b1b8ccc685fe9ce8c10f199f5c095418,build/pr_head/,CPU,gemma3,model_cache/optimum-intel-internal-testing/tiny-random-gemma3,string,true,n/a:no_pytest,n/a:no_pytest,one_path.py,COMPLETED,0,none,STEP generate(list[str]),n/a:echo_sweep,n/a:echo_sweep,n/a:echo_sweep,n/a:echo_sweep,n/a:echo_sweep,n/a:echo_sweep,n/a:echo_sweep,n/a:echo_sweep,n/a:echo_sweep,n/a:echo_sweep,n/a:echo_sweep,n/a:echo_sweep,n/a:echo_sweep,n/a:echo_sweep,75a36557bd2529c3f8378d94060c97a5e80a8822130c055080972aa3c24db278,RESULT text='user\nUnique sampler prompt sentinel 4368\nmodel\nстрі',n/a:echo_sweep,n/a:echo_sweep,n/a:echo_sweep,Release,Ninja,824033c3061d73d50784872248cdb55aa04674aa,2026.5.0.dev20260903,5.0.0,2.2.0.dev0+4f1a926,32.0.101.8991,prhead_gemma3_CPU_string_echotrue_rep2_20260907T173106Z.txt
echo_sweep,prhead_gemma3_CPU_string_echotrue,3,20260907T173106Z,0.55,prhead,e6fced66b1b8ccc685fe9ce8c10f199f5c095418,build/pr_head/,CPU,gemma3,model_cache/optimum-intel-internal-testing/tiny-random-gemma3,string,true,n/a:no_pytest,n/a:no_pytest,one_path.py,COMPLETED,0,none,STEP generate(list[str]),n/a:echo_sweep,n/a:echo_sweep,n/a:echo_sweep,n/a:echo_sweep,n/a:echo_sweep,n/a:echo_sweep,n/a:echo_sweep,n/a:echo_sweep,n/a:echo_sweep,n/a:echo_sweep,n/a:echo_sweep,n/a:echo_sweep,n/a:echo_sweep,n/a:echo_sweep,75a36557bd2529c3f8378d94060c97a5e80a8822130c055080972aa3c24db278,RESULT text='user\nUnique sampler prompt sentinel 4368\nmodel\nстрі',n/a:echo_sweep,n/a:echo_sweep,n/a:echo_sweep,Release,Ninja,824033c3061d73d50784872248cdb55aa04674aa,2026.5.0.dev20260903,5.0.0,2.2.0.dev0+4f1a926,32.0.101.8991,prhead_gemma3_CPU_string_echotrue_rep3_20260907T173106Z.txt
echo_sweep,prhead_gemma3_CPU_chat_history_echotrue,1,20260907T173107Z,0.53,prhead,e6fced66b1b8ccc685fe9ce8c10f199f5c095418,build/pr_head/,CPU,gemma3,model_cache/optimum-intel-internal-testing/tiny-random-gemma3,chat_history,true,n/a:no_pytest,n/a:no_pytest,one_path.py,COMPLETED,0,none,STEP generate(list[ChatHistory]),n/a:echo_sweep,n/a:echo_sweep,n/a:echo_sweep,n/a:echo_sweep,n/a:echo_sweep,n/a:echo_sweep,n/a:echo_sweep,n/a:echo_sweep,n/a:echo_sweep,n/a:echo_sweep,n/a:echo_sweep,n/a:echo_sweep,n/a:echo_sweep,n/a:echo_sweep,75a36557bd2529c3f8378d94060c97a5e80a8822130c055080972aa3c24db278,RESULT text='user\nUnique sampler prompt sentinel 4368\nmodel\nстрі',n/a:echo_sweep,n/a:echo_sweep,n/a:echo_sweep,Release,Ninja,824033c3061d73d50784872248cdb55aa04674aa,2026.5.0.dev20260903,5.0.0,2.2.0.dev0+4f1a926,32.0.101.8991,prhead_gemma3_CPU_chat_history_echotrue_rep1_20260907T173107Z.txt
echo_sweep,prhead_gemma3_CPU_chat_history_echotrue,2,20260907T173107Z,0.55,prhead,e6fced66b1b8ccc685fe9ce8c10f199f5c095418,build/pr_head/,CPU,gemma3,model_cache/optimum-intel-internal-testing/tiny-random-gemma3,chat_history,true,n/a:no_pytest,n/a:no_pytest,one_path.py,COMPLETED,0,none,STEP generate(list[ChatHistory]),n/a:echo_sweep,n/a:echo_sweep,n/a:echo_sweep,n/a:echo_sweep,n/a:echo_sweep,n/a:echo_sweep,n/a:echo_sweep,n/a:echo_sweep,n/a:echo_sweep,n/a:echo_sweep,n/a:echo_sweep,n/a:echo_sweep,n/a:echo_sweep,n/a:echo_sweep,75a36557bd2529c3f8378d94060c97a5e80a8822130c055080972aa3c24db278,RESULT text='user\nUnique sampler prompt sentinel 4368\nmodel\nстрі',n/a:echo_sweep,n/a:echo_sweep,n/a:echo_sweep,Release,Ninja,824033c3061d73d50784872248cdb55aa04674aa,2026.5.0.dev20260903,5.0.0,2.2.0.dev0+4f1a926,32.0.101.8991,prhead_gemma3_CPU_chat_history_echotrue_rep2_20260907T173107Z.txt
echo_sweep,prhead_gemma3_CPU_chat_history_echotrue,3,20260907T173108Z,0.53,prhead,e6fced66b1b8ccc685fe9ce8c10f199f5c095418,build/pr_head/,CPU,gemma3,model_cache/optimum-intel-internal-testing/tiny-random-gemma3,chat_history,true,n/a:no_pytest,n/a:no_pytest,one_path.py,COMPLETED,0,none,STEP generate(list[ChatHistory]),n/a:echo_sweep,n/a:echo_sweep,n/a:echo_sweep,n/a:echo_sweep,n/a:echo_sweep,n/a:echo_sweep,n/a:echo_sweep,n/a:echo_sweep,n/a:echo_sweep,n/a:echo_sweep,n/a:echo_sweep,n/a:echo_sweep,n/a:echo_sweep,n/a:echo_sweep,75a36557bd2529c3f8378d94060c97a5e80a8822130c055080972aa3c24db278,RESULT text='user\nUnique sampler prompt sentinel 4368\nmodel\nстрі',n/a:echo_sweep,n/a:echo_sweep,n/a:echo_sweep,Release,Ninja,824033c3061d73d50784872248cdb55aa04674aa,2026.5.0.dev20260903,5.0.0,2.2.0.dev0+4f1a926,32.0.101.8991,prhead_gemma3_CPU_chat_history_echotrue_rep3_20260907T173108Z.txt
echo_sweep,prhead_gemma3_CPU_add_request_echotrue,1,20260907T173108Z,0.52,prhead,e6fced66b1b8ccc685fe9ce8c10f199f5c095418,build/pr_head/,CPU,gemma3,model_cache/optimum-intel-internal-testing/tiny-random-gemma3,add_request,true,n/a:no_pytest,n/a:no_pytest,one_path.py,COMPLETED,0,none,STEP finished after 1 step(s),n/a:echo_sweep,n/a:echo_sweep,n/a:echo_sweep,n/a:echo_sweep,n/a:echo_sweep,n/a:echo_sweep,n/a:echo_sweep,n/a:echo_sweep,n/a:echo_sweep,n/a:echo_sweep,n/a:echo_sweep,n/a:echo_sweep,n/a:echo_sweep,n/a:echo_sweep,01fb4ff3faa188b80961c22ed2aeec5ce437520bfb1a4660338a711d1989cea5,RESULT decoded='user\nUnique sampler prompt sentinel 4368\nmodel\nстрі',n/a:echo_sweep,n/a:echo_sweep,n/a:echo_sweep,Release,Ninja,824033c3061d73d50784872248cdb55aa04674aa,2026.5.0.dev20260903,5.0.0,2.2.0.dev0+4f1a926,32.0.101.8991,prhead_gemma3_CPU_add_request_echotrue_rep1_20260907T173108Z.txt
echo_sweep,prhead_gemma3_CPU_add_request_echotrue,2,20260907T173109Z,0.51,prhead,e6fced66b1b8ccc685fe9ce8c10f199f5c095418,build/pr_head/,CPU,gemma3,model_cache/optimum-intel-internal-testing/tiny-random-gemma3,add_request,true,n/a:no_pytest,n/a:no_pytest,one_path.py,COMPLETED,0,none,STEP finished after 1 step(s),n/a:echo_sweep,n/a:echo_sweep,n/a:echo_sweep,n/a:echo_sweep,n/a:echo_sweep,n/a:echo_sweep,n/a:echo_sweep,n/a:echo_sweep,n/a:echo_sweep,n/a:echo_sweep,n/a:echo_sweep,n/a:echo_sweep,n/a:echo_sweep,n/a:echo_sweep,01fb4ff3faa188b80961c22ed2aeec5ce437520bfb1a4660338a711d1989cea5,RESULT decoded='user\nUnique sampler prompt sentinel 4368\nmodel\nстрі',n/a:echo_sweep,n/a:echo_sweep,n/a:echo_sweep,Release,Ninja,824033c3061d73d50784872248cdb55aa04674aa,2026.5.0.dev20260903,5.0.0,2.2.0.dev0+4f1a926,32.0.101.8991,prhead_gemma3_CPU_add_request_echotrue_rep2_20260907T173109Z.txt
echo_sweep,prhead_gemma3_CPU_add_request_echotrue,3,20260907T173109Z,0.52,prhead,e6fced66b1b8ccc685fe9ce8c10f199f5c095418,build/pr_head/,CPU,gemma3,model_cache/optimum-intel-internal-testing/tiny-random-gemma3,add_request,true,n/a:no_pytest,n/a:no_pytest,one_path.py,COMPLETED,0,none,STEP finished after 1 step(s),n/a:echo_sweep,n/a:echo_sweep,n/a:echo_sweep,n/a:echo_sweep,n/a:echo_sweep,n/a:echo_sweep,n/a:echo_sweep,n/a:echo_sweep,n/a:echo_sweep,n/a:echo_sweep,n/a:echo_sweep,n/a:echo_sweep,n/a:echo_sweep,n/a:echo_sweep,01fb4ff3faa188b80961c22ed2aeec5ce437520bfb1a4660338a711d1989cea5,RESULT decoded='user\nUnique sampler prompt sentinel 4368\nmodel\nстрі',n/a:echo_sweep,n/a:echo_sweep,n/a:echo_sweep,Release,Ninja,824033c3061d73d50784872248cdb55aa04674aa,2026.5.0.dev20260903,5.0.0,2.2.0.dev0+4f1a926,32.0.101.8991,prhead_gemma3_CPU_add_request_echotrue_rep3_20260907T173109Z.txt
echo_sweep,prhead_gemma3_CPU_string_echofalse,1,20260907T173110Z,0.55,prhead,e6fced66b1b8ccc685fe9ce8c10f199f5c095418,build/pr_head/,CPU,gemma3,model_cache/optimum-intel-internal-testing/tiny-random-gemma3,string,false,n/a:no_pytest,n/a:no_pytest,one_path.py,COMPLETED,0,none,STEP generate(list[str]),n/a:echo_sweep,n/a:echo_sweep,n/a:echo_sweep,n/a:echo_sweep,n/a:echo_sweep,n/a:echo_sweep,n/a:echo_sweep,n/a:echo_sweep,n/a:echo_sweep,n/a:echo_sweep,n/a:echo_sweep,n/a:echo_sweep,n/a:echo_sweep,n/a:echo_sweep,153a2f682829cc4464b334a1b86dabf2a77d28734d310ffa54d7e98e83b542af,RESULT text='стрі',n/a:echo_sweep,n/a:echo_sweep,n/a:echo_sweep,Release,Ninja,824033c3061d73d50784872248cdb55aa04674aa,2026.5.0.dev20260903,5.0.0,2.2.0.dev0+4f1a926,32.0.101.8991,prhead_gemma3_CPU_string_echofalse_rep1_20260907T173110Z.txt
echo_sweep,prhead_gemma3_CPU_string_echofalse,2,20260907T173110Z,0.53,prhead,e6fced66b1b8ccc685fe9ce8c10f199f5c095418,build/pr_head/,CPU,gemma3,model_cache/optimum-intel-internal-testing/tiny-random-gemma3,string,false,n/a:no_pytest,n/a:no_pytest,one_path.py,COMPLETED,0,none,STEP generate(list[str]),n/a:echo_sweep,n/a:echo_sweep,n/a:echo_sweep,n/a:echo_sweep,n/a:echo_sweep,n/a:echo_sweep,n/a:echo_sweep,n/a:echo_sweep,n/a:echo_sweep,n/a:echo_sweep,n/a:echo_sweep,n/a:echo_sweep,n/a:echo_sweep,n/a:echo_sweep,153a2f682829cc4464b334a1b86dabf2a77d28734d310ffa54d7e98e83b542af,RESULT text='стрі',n/a:echo_sweep,n/a:echo_sweep,n/a:echo_sweep,Release,Ninja,824033c3061d73d50784872248cdb55aa04674aa,2026.5.0.dev20260903,5.0.0,2.2.0.dev0+4f1a926,32.0.101.8991,prhead_gemma3_CPU_string_echofalse_rep2_20260907T173110Z.txt
echo_sweep,prhead_gemma3_CPU_string_echofalse,3,20260907T173111Z,0.52,prhead,e6fced66b1b8ccc685fe9ce8c10f199f5c095418,build/pr_head/,CPU,gemma3,model_cache/optimum-intel-internal-testing/tiny-random-gemma3,string,false,n/a:no_pytest,n/a:no_pytest,one_path.py,COMPLETED,0,none,STEP generate(list[str]),n/a:echo_sweep,n/a:echo_sweep,n/a:echo_sweep,n/a:echo_sweep,n/a:echo_sweep,n/a:echo_sweep,n/a:echo_sweep,n/a:echo_sweep,n/a:echo_sweep,n/a:echo_sweep,n/a:echo_sweep,n/a:echo_sweep,n/a:echo_sweep,n/a:echo_sweep,153a2f682829cc4464b334a1b86dabf2a77d28734d310ffa54d7e98e83b542af,RESULT text='стрі',n/a:echo_sweep,n/a:echo_sweep,n/a:echo_sweep,Release,Ninja,824033c3061d73d50784872248cdb55aa04674aa,2026.5.0.dev20260903,5.0.0,2.2.0.dev0+4f1a926,32.0.101.8991,prhead_gemma3_CPU_string_echofalse_rep3_20260907T173111Z.txt
echo_sweep,prhead_gemma3_CPU_chat_history_echofalse,1,20260907T173111Z,0.53,prhead,e6fced66b1b8ccc685fe9ce8c10f199f5c095418,build/pr_head/,CPU,gemma3,model_cache/optimum-intel-internal-testing/tiny-random-gemma3,chat_history,false,n/a:no_pytest,n/a:no_pytest,one_path.py,COMPLETED,0,none,STEP generate(list[ChatHistory]),n/a:echo_sweep,n/a:echo_sweep,n/a:echo_sweep,n/a:echo_sweep,n/a:echo_sweep,n/a:echo_sweep,n/a:echo_sweep,n/a:echo_sweep,n/a:echo_sweep,n/a:echo_sweep,n/a:echo_sweep,n/a:echo_sweep,n/a:echo_sweep,n/a:echo_sweep,153a2f682829cc4464b334a1b86dabf2a77d28734d310ffa54d7e98e83b542af,RESULT text='стрі',n/a:echo_sweep,n/a:echo_sweep,n/a:echo_sweep,Release,Ninja,824033c3061d73d50784872248cdb55aa04674aa,2026.5.0.dev20260903,5.0.0,2.2.0.dev0+4f1a926,32.0.101.8991,prhead_gemma3_CPU_chat_history_echofalse_rep1_20260907T173111Z.txt
echo_sweep,prhead_gemma3_CPU_chat_history_echofalse,2,20260907T173112Z,0.53,prhead,e6fced66b1b8ccc685fe9ce8c10f199f5c095418,build/pr_head/,CPU,gemma3,model_cache/optimum-intel-internal-testing/tiny-random-gemma3,chat_history,false,n/a:no_pytest,n/a:no_pytest,one_path.py,COMPLETED,0,none,STEP generate(list[ChatHistory]),n/a:echo_sweep,n/a:echo_sweep,n/a:echo_sweep,n/a:echo_sweep,n/a:echo_sweep,n/a:echo_sweep,n/a:echo_sweep,n/a:echo_sweep,n/a:echo_sweep,n/a:echo_sweep,n/a:echo_sweep,n/a:echo_sweep,n/a:echo_sweep,n/a:echo_sweep,153a2f682829cc4464b334a1b86dabf2a77d28734d310ffa54d7e98e83b542af,RESULT text='стрі',n/a:echo_sweep,n/a:echo_sweep,n/a:echo_sweep,Release,Ninja,824033c3061d73d50784872248cdb55aa04674aa,2026.5.0.dev20260903,5.0.0,2.2.0.dev0+4f1a926,32.0.101.8991,prhead_gemma3_CPU_chat_history_echofalse_rep2_20260907T173112Z.txt
echo_sweep,prhead_gemma3_CPU_chat_history_echofalse,3,20260907T173113Z,0.52,prhead,e6fced66b1b8ccc685fe9ce8c10f199f5c095418,build/pr_head/,CPU,gemma3,model_cache/optimum-intel-internal-testing/tiny-random-gemma3,chat_history,false,n/a:no_pytest,n/a:no_pytest,one_path.py,COMPLETED,0,none,STEP generate(list[ChatHistory]),n/a:echo_sweep,n/a:echo_sweep,n/a:echo_sweep,n/a:echo_sweep,n/a:echo_sweep,n/a:echo_sweep,n/a:echo_sweep,n/a:echo_sweep,n/a:echo_sweep,n/a:echo_sweep,n/a:echo_sweep,n/a:echo_sweep,n/a:echo_sweep,n/a:echo_sweep,153a2f682829cc4464b334a1b86dabf2a77d28734d310ffa54d7e98e83b542af,RESULT text='стрі',n/a:echo_sweep,n/a:echo_sweep,n/a:echo_sweep,Release,Ninja,824033c3061d73d50784872248cdb55aa04674aa,2026.5.0.dev20260903,5.0.0,2.2.0.dev0+4f1a926,32.0.101.8991,prhead_gemma3_CPU_chat_history_echofalse_rep3_20260907T173113Z.txt
echo_sweep,prhead_gemma3_CPU_add_request_echofalse,1,20260907T173113Z,0.5,prhead,e6fced66b1b8ccc685fe9ce8c10f199f5c095418,build/pr_head/,CPU,gemma3,model_cache/optimum-intel-internal-testing/tiny-random-gemma3,add_request,false,n/a:no_pytest,n/a:no_pytest,one_path.py,COMPLETED,0,none,STEP finished after 1 step(s),n/a:echo_sweep,n/a:echo_sweep,n/a:echo_sweep,n/a:echo_sweep,n/a:echo_sweep,n/a:echo_sweep,n/a:echo_sweep,n/a:echo_sweep,n/a:echo_sweep,n/a:echo_sweep,n/a:echo_sweep,n/a:echo_sweep,n/a:echo_sweep,n/a:echo_sweep,151bba38b945f30c562265c3f2e4af57b0209597b1bfaec7296b6222bea7f7bc,RESULT decoded='стрі',n/a:echo_sweep,n/a:echo_sweep,n/a:echo_sweep,Release,Ninja,824033c3061d73d50784872248cdb55aa04674aa,2026.5.0.dev20260903,5.0.0,2.2.0.dev0+4f1a926,32.0.101.8991,prhead_gemma3_CPU_add_request_echofalse_rep1_20260907T173113Z.txt
echo_sweep,prhead_gemma3_CPU_add_request_echofalse,2,20260907T173114Z,0.5,prhead,e6fced66b1b8ccc685fe9ce8c10f199f5c095418,build/pr_head/,CPU,gemma3,model_cache/optimum-intel-internal-testing/tiny-random-gemma3,add_request,false,n/a:no_pytest,n/a:no_pytest,one_path.py,COMPLETED,0,none,STEP finished after 1 step(s),n/a:echo_sweep,n/a:echo_sweep,n/a:echo_sweep,n/a:echo_sweep,n/a:echo_sweep,n/a:echo_sweep,n/a:echo_sweep,n/a:echo_sweep,n/a:echo_sweep,n/a:echo_sweep,n/a:echo_sweep,n/a:echo_sweep,n/a:echo_sweep,n/a:echo_sweep,151bba38b945f30c562265c3f2e4af57b0209597b1bfaec7296b6222bea7f7bc,RESULT decoded='стрі',n/a:echo_sweep,n/a:echo_sweep,n/a:echo_sweep,Release,Ninja,824033c3061d73d50784872248cdb55aa04674aa,2026.5.0.dev20260903,5.0.0,2.2.0.dev0+4f1a926,32.0.101.8991,prhead_gemma3_CPU_add_request_echofalse_rep2_20260907T173114Z.txt
echo_sweep,prhead_gemma3_CPU_add_request_echofalse,3,20260907T173114Z,0.5,prhead,e6fced66b1b8ccc685fe9ce8c10f199f5c095418,build/pr_head/,CPU,gemma3,model_cache/optimum-intel-internal-testing/tiny-random-gemma3,add_request,false,n/a:no_pytest,n/a:no_pytest,one_path.py,COMPLETED,0,none,STEP finished after 1 step(s),n/a:echo_sweep,n/a:echo_sweep,n/a:echo_sweep,n/a:echo_sweep,n/a:echo_sweep,n/a:echo_sweep,n/a:echo_sweep,n/a:echo_sweep,n/a:echo_sweep,n/a:echo_sweep,n/a:echo_sweep,n/a:echo_sweep,n/a:echo_sweep,n/a:echo_sweep,151bba38b945f30c562265c3f2e4af57b0209597b1bfaec7296b6222bea7f7bc,RESULT decoded='стрі',n/a:echo_sweep,n/a:echo_sweep,n/a:echo_sweep,Release,Ninja,824033c3061d73d50784872248cdb55aa04674aa,2026.5.0.dev20260903,5.0.0,2.2.0.dev0+4f1a926,32.0.101.8991,prhead_gemma3_CPU_add_request_echofalse_rep3_20260907T173114Z.txt
echo_sweep,prhead_qwen2vl_CPU_string_echotrue,1,20260907T173115Z,0.53,prhead,e6fced66b1b8ccc685fe9ce8c10f199f5c095418,build/pr_head/,CPU,qwen2vl,model_cache/optimum-intel-internal-testing/tiny-random-qwen2vl,string,true,n/a:no_pytest,n/a:no_pytest,one_path.py,COMPLETED,0,none,STEP generate(list[str]),n/a:echo_sweep,n/a:echo_sweep,n/a:echo_sweep,n/a:echo_sweep,n/a:echo_sweep,n/a:echo_sweep,n/a:echo_sweep,n/a:echo_sweep,n/a:echo_sweep,n/a:echo_sweep,n/a:echo_sweep,n/a:echo_sweep,n/a:echo_sweep,n/a:echo_sweep,b0216ec9588b0f628aa399475f81bfa79729794d62f14a48cc8750a4ea82f54b,RESULT text='system\nYou are a helpful assistant.\nuser\nUnique sampler prompt sentinel 4368\nassistant\n.seed',n/a:echo_sweep,n/a:echo_sweep,n/a:echo_sweep,Release,Ninja,824033c3061d73d50784872248cdb55aa04674aa,2026.5.0.dev20260903,5.0.0,2.2.0.dev0+4f1a926,32.0.101.8991,prhead_qwen2vl_CPU_string_echotrue_rep1_20260907T173115Z.txt
echo_sweep,prhead_qwen2vl_CPU_string_echotrue,2,20260907T173115Z,0.52,prhead,e6fced66b1b8ccc685fe9ce8c10f199f5c095418,build/pr_head/,CPU,qwen2vl,model_cache/optimum-intel-internal-testing/tiny-random-qwen2vl,string,true,n/a:no_pytest,n/a:no_pytest,one_path.py,COMPLETED,0,none,STEP generate(list[str]),n/a:echo_sweep,n/a:echo_sweep,n/a:echo_sweep,n/a:echo_sweep,n/a:echo_sweep,n/a:echo_sweep,n/a:echo_sweep,n/a:echo_sweep,n/a:echo_sweep,n/a:echo_sweep,n/a:echo_sweep,n/a:echo_sweep,n/a:echo_sweep,n/a:echo_sweep,b0216ec9588b0f628aa399475f81bfa79729794d62f14a48cc8750a4ea82f54b,RESULT text='system\nYou are a helpful assistant.\nuser\nUnique sampler prompt sentinel 4368\nassistant\n.seed',n/a:echo_sweep,n/a:echo_sweep,n/a:echo_sweep,Release,Ninja,824033c3061d73d50784872248cdb55aa04674aa,2026.5.0.dev20260903,5.0.0,2.2.0.dev0+4f1a926,32.0.101.8991,prhead_qwen2vl_CPU_string_echotrue_rep2_20260907T173115Z.txt
echo_sweep,prhead_qwen2vl_CPU_string_echotrue,3,20260907T173116Z,0.55,prhead,e6fced66b1b8ccc685fe9ce8c10f199f5c095418,build/pr_head/,CPU,qwen2vl,model_cache/optimum-intel-internal-testing/tiny-random-qwen2vl,string,true,n/a:no_pytest,n/a:no_pytest,one_path.py,COMPLETED,0,none,STEP generate(list[str]),n/a:echo_sweep,n/a:echo_sweep,n/a:echo_sweep,n/a:echo_sweep,n/a:echo_sweep,n/a:echo_sweep,n/a:echo_sweep,n/a:echo_sweep,n/a:echo_sweep,n/a:echo_sweep,n/a:echo_sweep,n/a:echo_sweep,n/a:echo_sweep,n/a:echo_sweep,b0216ec9588b0f628aa399475f81bfa79729794d62f14a48cc8750a4ea82f54b,RESULT text='system\nYou are a helpful assistant.\nuser\nUnique sampler prompt sentinel 4368\nassistant\n.seed',n/a:echo_sweep,n/a:echo_sweep,n/a:echo_sweep,Release,Ninja,824033c3061d73d50784872248cdb55aa04674aa,2026.5.0.dev20260903,5.0.0,2.2.0.dev0+4f1a926,32.0.101.8991,prhead_qwen2vl_CPU_string_echotrue_rep3_20260907T173116Z.txt
echo_sweep,prhead_qwen2vl_CPU_chat_history_echotrue,1,20260907T173116Z,0.53,prhead,e6fced66b1b8ccc685fe9ce8c10f199f5c095418,build/pr_head/,CPU,qwen2vl,model_cache/optimum-intel-internal-testing/tiny-random-qwen2vl,chat_history,true,n/a:no_pytest,n/a:no_pytest,one_path.py,COMPLETED,0,none,STEP generate(list[ChatHistory]),n/a:echo_sweep,n/a:echo_sweep,n/a:echo_sweep,n/a:echo_sweep,n/a:echo_sweep,n/a:echo_sweep,n/a:echo_sweep,n/a:echo_sweep,n/a:echo_sweep,n/a:echo_sweep,n/a:echo_sweep,n/a:echo_sweep,n/a:echo_sweep,n/a:echo_sweep,b0216ec9588b0f628aa399475f81bfa79729794d62f14a48cc8750a4ea82f54b,RESULT text='system\nYou are a helpful assistant.\nuser\nUnique sampler prompt sentinel 4368\nassistant\n.seed',n/a:echo_sweep,n/a:echo_sweep,n/a:echo_sweep,Release,Ninja,824033c3061d73d50784872248cdb55aa04674aa,2026.5.0.dev20260903,5.0.0,2.2.0.dev0+4f1a926,32.0.101.8991,prhead_qwen2vl_CPU_chat_history_echotrue_rep1_20260907T173116Z.txt
echo_sweep,prhead_qwen2vl_CPU_chat_history_echotrue,2,20260907T173117Z,0.53,prhead,e6fced66b1b8ccc685fe9ce8c10f199f5c095418,build/pr_head/,CPU,qwen2vl,model_cache/optimum-intel-internal-testing/tiny-random-qwen2vl,chat_history,true,n/a:no_pytest,n/a:no_pytest,one_path.py,COMPLETED,0,none,STEP generate(list[ChatHistory]),n/a:echo_sweep,n/a:echo_sweep,n/a:echo_sweep,n/a:echo_sweep,n/a:echo_sweep,n/a:echo_sweep,n/a:echo_sweep,n/a:echo_sweep,n/a:echo_sweep,n/a:echo_sweep,n/a:echo_sweep,n/a:echo_sweep,n/a:echo_sweep,n/a:echo_sweep,b0216ec9588b0f628aa399475f81bfa79729794d62f14a48cc8750a4ea82f54b,RESULT text='system\nYou are a helpful assistant.\nuser\nUnique sampler prompt sentinel 4368\nassistant\n.seed',n/a:echo_sweep,n/a:echo_sweep,n/a:echo_sweep,Release,Ninja,824033c3061d73d50784872248cdb55aa04674aa,2026.5.0.dev20260903,5.0.0,2.2.0.dev0+4f1a926,32.0.101.8991,prhead_qwen2vl_CPU_chat_history_echotrue_rep2_20260907T173117Z.txt
echo_sweep,prhead_qwen2vl_CPU_chat_history_echotrue,3,20260907T173117Z,0.53,prhead,e6fced66b1b8ccc685fe9ce8c10f199f5c095418,build/pr_head/,CPU,qwen2vl,model_cache/optimum-intel-internal-testing/tiny-random-qwen2vl,chat_history,true,n/a:no_pytest,n/a:no_pytest,one_path.py,COMPLETED,0,none,STEP generate(list[ChatHistory]),n/a:echo_sweep,n/a:echo_sweep,n/a:echo_sweep,n/a:echo_sweep,n/a:echo_sweep,n/a:echo_sweep,n/a:echo_sweep,n/a:echo_sweep,n/a:echo_sweep,n/a:echo_sweep,n/a:echo_sweep,n/a:echo_sweep,n/a:echo_sweep,n/a:echo_sweep,b0216ec9588b0f628aa399475f81bfa79729794d62f14a48cc8750a4ea82f54b,RESULT text='system\nYou are a helpful assistant.\nuser\nUnique sampler prompt sentinel 4368\nassistant\n.seed',n/a:echo_sweep,n/a:echo_sweep,n/a:echo_sweep,Release,Ninja,824033c3061d73d50784872248cdb55aa04674aa,2026.5.0.dev20260903,5.0.0,2.2.0.dev0+4f1a926,32.0.101.8991,prhead_qwen2vl_CPU_chat_history_echotrue_rep3_20260907T173117Z.txt
echo_sweep,prhead_qwen2vl_CPU_add_request_echotrue,1,20260907T173118Z,0.5,prhead,e6fced66b1b8ccc685fe9ce8c10f199f5c095418,build/pr_head/,CPU,qwen2vl,model_cache/optimum-intel-internal-testing/tiny-random-qwen2vl,add_request,true,n/a:no_pytest,n/a:no_pytest,one_path.py,COMPLETED,0,none,STEP finished after 1 step(s),n/a:echo_sweep,n/a:echo_sweep,n/a:echo_sweep,n/a:echo_sweep,n/a:echo_sweep,n/a:echo_sweep,n/a:echo_sweep,n/a:echo_sweep,n/a:echo_sweep,n/a:echo_sweep,n/a:echo_sweep,n/a:echo_sweep,n/a:echo_sweep,n/a:echo_sweep,fb43dca7b96f3ef6000e7152eb6990cb86977c407eee797c5b23ff70b86f9dba,RESULT decoded='system\nYou are a helpful assistant.\nuser\nUnique sampler prompt sentinel 4368\nassistant\n.seed',n/a:echo_sweep,n/a:echo_sweep,n/a:echo_sweep,Release,Ninja,824033c3061d73d50784872248cdb55aa04674aa,2026.5.0.dev20260903,5.0.0,2.2.0.dev0+4f1a926,32.0.101.8991,prhead_qwen2vl_CPU_add_request_echotrue_rep1_20260907T173118Z.txt
echo_sweep,prhead_qwen2vl_CPU_add_request_echotrue,2,20260907T173118Z,0.52,prhead,e6fced66b1b8ccc685fe9ce8c10f199f5c095418,build/pr_head/,CPU,qwen2vl,model_cache/optimum-intel-internal-testing/tiny-random-qwen2vl,add_request,true,n/a:no_pytest,n/a:no_pytest,one_path.py,COMPLETED,0,none,STEP finished after 1 step(s),n/a:echo_sweep,n/a:echo_sweep,n/a:echo_sweep,n/a:echo_sweep,n/a:echo_sweep,n/a:echo_sweep,n/a:echo_sweep,n/a:echo_sweep,n/a:echo_sweep,n/a:echo_sweep,n/a:echo_sweep,n/a:echo_sweep,n/a:echo_sweep,n/a:echo_sweep,fb43dca7b96f3ef6000e7152eb6990cb86977c407eee797c5b23ff70b86f9dba,RESULT decoded='system\nYou are a helpful assistant.\nuser\nUnique sampler prompt sentinel 4368\nassistant\n.seed',n/a:echo_sweep,n/a:echo_sweep,n/a:echo_sweep,Release,Ninja,824033c3061d73d50784872248cdb55aa04674aa,2026.5.0.dev20260903,5.0.0,2.2.0.dev0+4f1a926,32.0.101.8991,prhead_qwen2vl_CPU_add_request_echotrue_rep2_20260907T173118Z.txt
echo_sweep,prhead_qwen2vl_CPU_add_request_echotrue,3,20260907T173119Z,0.48,prhead,e6fced66b1b8ccc685fe9ce8c10f199f5c095418,build/pr_head/,CPU,qwen2vl,model_cache/optimum-intel-internal-testing/tiny-random-qwen2vl,add_request,true,n/a:no_pytest,n/a:no_pytest,one_path.py,COMPLETED,0,none,STEP finished after 1 step(s),n/a:echo_sweep,n/a:echo_sweep,n/a:echo_sweep,n/a:echo_sweep,n/a:echo_sweep,n/a:echo_sweep,n/a:echo_sweep,n/a:echo_sweep,n/a:echo_sweep,n/a:echo_sweep,n/a:echo_sweep,n/a:echo_sweep,n/a:echo_sweep,n/a:echo_sweep,fb43dca7b96f3ef6000e7152eb6990cb86977c407eee797c5b23ff70b86f9dba,RESULT decoded='system\nYou are a helpful assistant.\nuser\nUnique sampler prompt sentinel 4368\nassistant\n.seed',n/a:echo_sweep,n/a:echo_sweep,n/a:echo_sweep,Release,Ninja,824033c3061d73d50784872248cdb55aa04674aa,2026.5.0.dev20260903,5.0.0,2.2.0.dev0+4f1a926,32.0.101.8991,prhead_qwen2vl_CPU_add_request_echotrue_rep3_20260907T173119Z.txt
echo_sweep,prhead_qwen2vl_CPU_string_echofalse,1,20260907T173119Z,0.52,prhead,e6fced66b1b8ccc685fe9ce8c10f199f5c095418,build/pr_head/,CPU,qwen2vl,model_cache/optimum-intel-internal-testing/tiny-random-qwen2vl,string,false,n/a:no_pytest,n/a:no_pytest,one_path.py,COMPLETED,0,none,STEP generate(list[str]),n/a:echo_sweep,n/a:echo_sweep,n/a:echo_sweep,n/a:echo_sweep,n/a:echo_sweep,n/a:echo_sweep,n/a:echo_sweep,n/a:echo_sweep,n/a:echo_sweep,n/a:echo_sweep,n/a:echo_sweep,n/a:echo_sweep,n/a:echo_sweep,n/a:echo_sweep,4d0ca4dbf0676fc05643309718a8d7082708f6fb98e586a7bd07b8c937227265,RESULT text='.seed',n/a:echo_sweep,n/a:echo_sweep,n/a:echo_sweep,Release,Ninja,824033c3061d73d50784872248cdb55aa04674aa,2026.5.0.dev20260903,5.0.0,2.2.0.dev0+4f1a926,32.0.101.8991,prhead_qwen2vl_CPU_string_echofalse_rep1_20260907T173119Z.txt
echo_sweep,prhead_qwen2vl_CPU_string_echofalse,2,20260907T173120Z,0.53,prhead,e6fced66b1b8ccc685fe9ce8c10f199f5c095418,build/pr_head/,CPU,qwen2vl,model_cache/optimum-intel-internal-testing/tiny-random-qwen2vl,string,false,n/a:no_pytest,n/a:no_pytest,one_path.py,COMPLETED,0,none,STEP generate(list[str]),n/a:echo_sweep,n/a:echo_sweep,n/a:echo_sweep,n/a:echo_sweep,n/a:echo_sweep,n/a:echo_sweep,n/a:echo_sweep,n/a:echo_sweep,n/a:echo_sweep,n/a:echo_sweep,n/a:echo_sweep,n/a:echo_sweep,n/a:echo_sweep,n/a:echo_sweep,4d0ca4dbf0676fc05643309718a8d7082708f6fb98e586a7bd07b8c937227265,RESULT text='.seed',n/a:echo_sweep,n/a:echo_sweep,n/a:echo_sweep,Release,Ninja,824033c3061d73d50784872248cdb55aa04674aa,2026.5.0.dev20260903,5.0.0,2.2.0.dev0+4f1a926,32.0.101.8991,prhead_qwen2vl_CPU_string_echofalse_rep2_20260907T173120Z.txt
echo_sweep,prhead_qwen2vl_CPU_string_echofalse,3,20260907T173120Z,0.52,prhead,e6fced66b1b8ccc685fe9ce8c10f199f5c095418,build/pr_head/,CPU,qwen2vl,model_cache/optimum-intel-internal-testing/tiny-random-qwen2vl,string,false,n/a:no_pytest,n/a:no_pytest,one_path.py,COMPLETED,0,none,STEP generate(list[str]),n/a:echo_sweep,n/a:echo_sweep,n/a:echo_sweep,n/a:echo_sweep,n/a:echo_sweep,n/a:echo_sweep,n/a:echo_sweep,n/a:echo_sweep,n/a:echo_sweep,n/a:echo_sweep,n/a:echo_sweep,n/a:echo_sweep,n/a:echo_sweep,n/a:echo_sweep,4d0ca4dbf0676fc05643309718a8d7082708f6fb98e586a7bd07b8c937227265,RESULT text='.seed',n/a:echo_sweep,n/a:echo_sweep,n/a:echo_sweep,Release,Ninja,824033c3061d73d50784872248cdb55aa04674aa,2026.5.0.dev20260903,5.0.0,2.2.0.dev0+4f1a926,32.0.101.8991,prhead_qwen2vl_CPU_string_echofalse_rep3_20260907T173120Z.txt
echo_sweep,prhead_qwen2vl_CPU_chat_history_echofalse,1,20260907T173121Z,0.53,prhead,e6fced66b1b8ccc685fe9ce8c10f199f5c095418,build/pr_head/,CPU,qwen2vl,model_cache/optimum-intel-internal-testing/tiny-random-qwen2vl,chat_history,false,n/a:no_pytest,n/a:no_pytest,one_path.py,COMPLETED,0,none,STEP generate(list[ChatHistory]),n/a:echo_sweep,n/a:echo_sweep,n/a:echo_sweep,n/a:echo_sweep,n/a:echo_sweep,n/a:echo_sweep,n/a:echo_sweep,n/a:echo_sweep,n/a:echo_sweep,n/a:echo_sweep,n/a:echo_sweep,n/a:echo_sweep,n/a:echo_sweep,n/a:echo_sweep,4d0ca4dbf0676fc05643309718a8d7082708f6fb98e586a7bd07b8c937227265,RESULT text='.seed',n/a:echo_sweep,n/a:echo_sweep,n/a:echo_sweep,Release,Ninja,824033c3061d73d50784872248cdb55aa04674aa,2026.5.0.dev20260903,5.0.0,2.2.0.dev0+4f1a926,32.0.101.8991,prhead_qwen2vl_CPU_chat_history_echofalse_rep1_20260907T173121Z.txt
echo_sweep,prhead_qwen2vl_CPU_chat_history_echofalse,2,20260907T173121Z,0.5,prhead,e6fced66b1b8ccc685fe9ce8c10f199f5c095418,build/pr_head/,CPU,qwen2vl,model_cache/optimum-intel-internal-testing/tiny-random-qwen2vl,chat_history,false,n/a:no_pytest,n/a:no_pytest,one_path.py,COMPLETED,0,none,STEP generate(list[ChatHistory]),n/a:echo_sweep,n/a:echo_sweep,n/a:echo_sweep,n/a:echo_sweep,n/a:echo_sweep,n/a:echo_sweep,n/a:echo_sweep,n/a:echo_sweep,n/a:echo_sweep,n/a:echo_sweep,n/a:echo_sweep,n/a:echo_sweep,n/a:echo_sweep,n/a:echo_sweep,4d0ca4dbf0676fc05643309718a8d7082708f6fb98e586a7bd07b8c937227265,RESULT text='.seed',n/a:echo_sweep,n/a:echo_sweep,n/a:echo_sweep,Release,Ninja,824033c3061d73d50784872248cdb55aa04674aa,2026.5.0.dev20260903,5.0.0,2.2.0.dev0+4f1a926,32.0.101.8991,prhead_qwen2vl_CPU_chat_history_echofalse_rep2_20260907T173121Z.txt
echo_sweep,prhead_qwen2vl_CPU_chat_history_echofalse,3,20260907T173122Z,0.52,prhead,e6fced66b1b8ccc685fe9ce8c10f199f5c095418,build/pr_head/,CPU,qwen2vl,model_cache/optimum-intel-internal-testing/tiny-random-qwen2vl,chat_history,false,n/a:no_pytest,n/a:no_pytest,one_path.py,COMPLETED,0,none,STEP generate(list[ChatHistory]),n/a:echo_sweep,n/a:echo_sweep,n/a:echo_sweep,n/a:echo_sweep,n/a:echo_sweep,n/a:echo_sweep,n/a:echo_sweep,n/a:echo_sweep,n/a:echo_sweep,n/a:echo_sweep,n/a:echo_sweep,n/a:echo_sweep,n/a:echo_sweep,n/a:echo_sweep,4d0ca4dbf0676fc05643309718a8d7082708f6fb98e586a7bd07b8c937227265,RESULT text='.seed',n/a:echo_sweep,n/a:echo_sweep,n/a:echo_sweep,Release,Ninja,824033c3061d73d50784872248cdb55aa04674aa,2026.5.0.dev20260903,5.0.0,2.2.0.dev0+4f1a926,32.0.101.8991,prhead_qwen2vl_CPU_chat_history_echofalse_rep3_20260907T173122Z.txt
echo_sweep,prhead_qwen2vl_CPU_add_request_echofalse,1,20260907T173122Z,0.5,prhead,e6fced66b1b8ccc685fe9ce8c10f199f5c095418,build/pr_head/,CPU,qwen2vl,model_cache/optimum-intel-internal-testing/tiny-random-qwen2vl,add_request,false,n/a:no_pytest,n/a:no_pytest,one_path.py,COMPLETED,0,none,STEP finished after 1 step(s),n/a:echo_sweep,n/a:echo_sweep,n/a:echo_sweep,n/a:echo_sweep,n/a:echo_sweep,n/a:echo_sweep,n/a:echo_sweep,n/a:echo_sweep,n/a:echo_sweep,n/a:echo_sweep,n/a:echo_sweep,n/a:echo_sweep,n/a:echo_sweep,n/a:echo_sweep,eef97e6d0048c4640394ff21406702308a58c5c93a60a801ccf650eeedd44621,RESULT decoded='.seed',n/a:echo_sweep,n/a:echo_sweep,n/a:echo_sweep,Release,Ninja,824033c3061d73d50784872248cdb55aa04674aa,2026.5.0.dev20260903,5.0.0,2.2.0.dev0+4f1a926,32.0.101.8991,prhead_qwen2vl_CPU_add_request_echofalse_rep1_20260907T173122Z.txt
echo_sweep,prhead_qwen2vl_CPU_add_request_echofalse,2,20260907T173123Z,0.48,prhead,e6fced66b1b8ccc685fe9ce8c10f199f5c095418,build/pr_head/,CPU,qwen2vl,model_cache/optimum-intel-internal-testing/tiny-random-qwen2vl,add_request,false,n/a:no_pytest,n/a:no_pytest,one_path.py,COMPLETED,0,none,STEP finished after 1 step(s),n/a:echo_sweep,n/a:echo_sweep,n/a:echo_sweep,n/a:echo_sweep,n/a:echo_sweep,n/a:echo_sweep,n/a:echo_sweep,n/a:echo_sweep,n/a:echo_sweep,n/a:echo_sweep,n/a:echo_sweep,n/a:echo_sweep,n/a:echo_sweep,n/a:echo_sweep,eef97e6d0048c4640394ff21406702308a58c5c93a60a801ccf650eeedd44621,RESULT decoded='.seed',n/a:echo_sweep,n/a:echo_sweep,n/a:echo_sweep,Release,Ninja,824033c3061d73d50784872248cdb55aa04674aa,2026.5.0.dev20260903,5.0.0,2.2.0.dev0+4f1a926,32.0.101.8991,prhead_qwen2vl_CPU_add_request_echofalse_rep2_20260907T173123Z.txt
echo_sweep,prhead_qwen2vl_CPU_add_request_echofalse,3,20260907T173123Z,0.48,prhead,e6fced66b1b8ccc685fe9ce8c10f199f5c095418,build/pr_head/,CPU,qwen2vl,model_cache/optimum-intel-internal-testing/tiny-random-qwen2vl,add_request,false,n/a:no_pytest,n/a:no_pytest,one_path.py,COMPLETED,0,none,STEP finished after 1 step(s),n/a:echo_sweep,n/a:echo_sweep,n/a:echo_sweep,n/a:echo_sweep,n/a:echo_sweep,n/a:echo_sweep,n/a:echo_sweep,n/a:echo_sweep,n/a:echo_sweep,n/a:echo_sweep,n/a:echo_sweep,n/a:echo_sweep,n/a:echo_sweep,n/a:echo_sweep,eef97e6d0048c4640394ff21406702308a58c5c93a60a801ccf650eeedd44621,RESULT decoded='.seed',n/a:echo_sweep,n/a:echo_sweep,n/a:echo_sweep,Release,Ninja,824033c3061d73d50784872248cdb55aa04674aa,2026.5.0.dev20260903,5.0.0,2.2.0.dev0+4f1a926,32.0.101.8991,prhead_qwen2vl_CPU_add_request_echofalse_rep3_20260907T173123Z.txt
echo_sweep,base_gemma3_GPU_string_echotrue,1,20260907T173124Z,0.94,base,c9fff70b9f960bdb0c484fe0c2c1bed9d697bbaf,build/merge_base/,GPU,gemma3,model_cache/optimum-intel-internal-testing/tiny-random-gemma3,string,true,n/a:no_pytest,n/a:no_pytest,one_path.py,COMPLETED,0,none,STEP generate(list[str]),n/a:echo_sweep,n/a:echo_sweep,n/a:echo_sweep,n/a:echo_sweep,n/a:echo_sweep,n/a:echo_sweep,n/a:echo_sweep,n/a:echo_sweep,n/a:echo_sweep,n/a:echo_sweep,n/a:echo_sweep,n/a:echo_sweep,n/a:echo_sweep,n/a:echo_sweep,75a36557bd2529c3f8378d94060c97a5e80a8822130c055080972aa3c24db278,RESULT text='user\nUnique sampler prompt sentinel 4368\nmodel\nстрі',n/a:echo_sweep,n/a:echo_sweep,n/a:echo_sweep,Release,Ninja,824033c3061d73d50784872248cdb55aa04674aa,2026.5.0.dev20260903,5.0.0,2.2.0.dev0+4f1a926,32.0.101.8991,base_gemma3_GPU_string_echotrue_rep1_20260907T173124Z.txt
echo_sweep,base_gemma3_GPU_string_echotrue,2,20260907T173125Z,0.94,base,c9fff70b9f960bdb0c484fe0c2c1bed9d697bbaf,build/merge_base/,GPU,gemma3,model_cache/optimum-intel-internal-testing/tiny-random-gemma3,string,true,n/a:no_pytest,n/a:no_pytest,one_path.py,COMPLETED,0,none,STEP generate(list[str]),n/a:echo_sweep,n/a:echo_sweep,n/a:echo_sweep,n/a:echo_sweep,n/a:echo_sweep,n/a:echo_sweep,n/a:echo_sweep,n/a:echo_sweep,n/a:echo_sweep,n/a:echo_sweep,n/a:echo_sweep,n/a:echo_sweep,n/a:echo_sweep,n/a:echo_sweep,75a36557bd2529c3f8378d94060c97a5e80a8822130c055080972aa3c24db278,RESULT text='user\nUnique sampler prompt sentinel 4368\nmodel\nстрі',n/a:echo_sweep,n/a:echo_sweep,n/a:echo_sweep,Release,Ninja,824033c3061d73d50784872248cdb55aa04674aa,2026.5.0.dev20260903,5.0.0,2.2.0.dev0+4f1a926,32.0.101.8991,base_gemma3_GPU_string_echotrue_rep2_20260907T173125Z.txt
echo_sweep,base_gemma3_GPU_string_echotrue,3,20260907T173126Z,0.94,base,c9fff70b9f960bdb0c484fe0c2c1bed9d697bbaf,build/merge_base/,GPU,gemma3,model_cache/optimum-intel-internal-testing/tiny-random-gemma3,string,true,n/a:no_pytest,n/a:no_pytest,one_path.py,COMPLETED,0,none,STEP generate(list[str]),n/a:echo_sweep,n/a:echo_sweep,n/a:echo_sweep,n/a:echo_sweep,n/a:echo_sweep,n/a:echo_sweep,n/a:echo_sweep,n/a:echo_sweep,n/a:echo_sweep,n/a:echo_sweep,n/a:echo_sweep,n/a:echo_sweep,n/a:echo_sweep,n/a:echo_sweep,75a36557bd2529c3f8378d94060c97a5e80a8822130c055080972aa3c24db278,RESULT text='user\nUnique sampler prompt sentinel 4368\nmodel\nстрі',n/a:echo_sweep,n/a:echo_sweep,n/a:echo_sweep,Release,Ninja,824033c3061d73d50784872248cdb55aa04674aa,2026.5.0.dev20260903,5.0.0,2.2.0.dev0+4f1a926,32.0.101.8991,base_gemma3_GPU_string_echotrue_rep3_20260907T173126Z.txt
echo_sweep,base_gemma3_GPU_chat_history_echotrue,1,20260907T173127Z,0.91,base,c9fff70b9f960bdb0c484fe0c2c1bed9d697bbaf,build/merge_base/,GPU,gemma3,model_cache/optimum-intel-internal-testing/tiny-random-gemma3,chat_history,true,n/a:no_pytest,n/a:no_pytest,one_path.py,CRASH,3221225477,access_violation_0xC0000005,STEP generate(list[ChatHistory]),n/a:echo_sweep,n/a:echo_sweep,n/a:echo_sweep,n/a:echo_sweep,n/a:echo_sweep,n/a:echo_sweep,n/a:echo_sweep,n/a:echo_sweep,n/a:echo_sweep,n/a:echo_sweep,n/a:echo_sweep,n/a:echo_sweep,n/a:echo_sweep,n/a:echo_sweep,n/a:no_result_line,n/a:no_result_line,n/a:echo_sweep,n/a:echo_sweep,n/a:echo_sweep,Release,Ninja,824033c3061d73d50784872248cdb55aa04674aa,2026.5.0.dev20260903,5.0.0,2.2.0.dev0+4f1a926,32.0.101.8991,base_gemma3_GPU_chat_history_echotrue_rep1_20260907T173127Z.txt
echo_sweep,base_gemma3_GPU_chat_history_echotrue,2,20260907T173128Z,3.27,base,c9fff70b9f960bdb0c484fe0c2c1bed9d697bbaf,build/merge_base/,GPU,gemma3,model_cache/optimum-intel-internal-testing/tiny-random-gemma3,chat_history,true,n/a:no_pytest,n/a:no_pytest,one_path.py,CRASH,3221225477,access_violation_0xC0000005,STEP generate(list[ChatHistory]),n/a:echo_sweep,n/a:echo_sweep,n/a:echo_sweep,n/a:echo_sweep,n/a:echo_sweep,n/a:echo_sweep,n/a:echo_sweep,n/a:echo_sweep,n/a:echo_sweep,n/a:echo_sweep,n/a:echo_sweep,n/a:echo_sweep,n/a:echo_sweep,n/a:echo_sweep,n/a:no_result_line,n/a:no_result_line,n/a:echo_sweep,n/a:echo_sweep,n/a:echo_sweep,Release,Ninja,824033c3061d73d50784872248cdb55aa04674aa,2026.5.0.dev20260903,5.0.0,2.2.0.dev0+4f1a926,32.0.101.8991,base_gemma3_GPU_chat_history_echotrue_rep2_20260907T173128Z.txt
echo_sweep,base_gemma3_GPU_chat_history_echotrue,3,20260907T173131Z,3.2,base,c9fff70b9f960bdb0c484fe0c2c1bed9d697bbaf,build/merge_base/,GPU,gemma3,model_cache/optimum-intel-internal-testing/tiny-random-gemma3,chat_history,true,n/a:no_pytest,n/a:no_pytest,one_path.py,CRASH,3221225477,access_violation_0xC0000005,STEP generate(list[ChatHistory]),n/a:echo_sweep,n/a:echo_sweep,n/a:echo_sweep,n/a:echo_sweep,n/a:echo_sweep,n/a:echo_sweep,n/a:echo_sweep,n/a:echo_sweep,n/a:echo_sweep,n/a:echo_sweep,n/a:echo_sweep,n/a:echo_sweep,n/a:echo_sweep,n/a:echo_sweep,n/a:no_result_line,n/a:no_result_line,n/a:echo_sweep,n/a:echo_sweep,n/a:echo_sweep,Release,Ninja,824033c3061d73d50784872248cdb55aa04674aa,2026.5.0.dev20260903,5.0.0,2.2.0.dev0+4f1a926,32.0.101.8991,base_gemma3_GPU_chat_history_echotrue_rep3_20260907T173131Z.txt
echo_sweep,base_gemma3_GPU_add_request_echotrue,1,20260907T173134Z,3.12,base,c9fff70b9f960bdb0c484fe0c2c1bed9d697bbaf,build/merge_base/,GPU,gemma3,model_cache/optimum-intel-internal-testing/tiny-random-gemma3,add_request,true,n/a:no_pytest,n/a:no_pytest,one_path.py,CRASH,3221225477,access_violation_0xC0000005,STEP add_request,n/a:echo_sweep,n/a:echo_sweep,n/a:echo_sweep,n/a:echo_sweep,n/a:echo_sweep,n/a:echo_sweep,n/a:echo_sweep,n/a:echo_sweep,n/a:echo_sweep,n/a:echo_sweep,n/a:echo_sweep,n/a:echo_sweep,n/a:echo_sweep,n/a:echo_sweep,n/a:no_result_line,n/a:no_result_line,n/a:echo_sweep,n/a:echo_sweep,n/a:echo_sweep,Release,Ninja,824033c3061d73d50784872248cdb55aa04674aa,2026.5.0.dev20260903,5.0.0,2.2.0.dev0+4f1a926,32.0.101.8991,base_gemma3_GPU_add_request_echotrue_rep1_20260907T173134Z.txt
echo_sweep,base_gemma3_GPU_add_request_echotrue,2,20260907T173137Z,3.11,base,c9fff70b9f960bdb0c484fe0c2c1bed9d697bbaf,build/merge_base/,GPU,gemma3,model_cache/optimum-intel-internal-testing/tiny-random-gemma3,add_request,true,n/a:no_pytest,n/a:no_pytest,one_path.py,CRASH,3221225477,access_violation_0xC0000005,STEP add_request,n/a:echo_sweep,n/a:echo_sweep,n/a:echo_sweep,n/a:echo_sweep,n/a:echo_sweep,n/a:echo_sweep,n/a:echo_sweep,n/a:echo_sweep,n/a:echo_sweep,n/a:echo_sweep,n/a:echo_sweep,n/a:echo_sweep,n/a:echo_sweep,n/a:echo_sweep,n/a:no_result_line,n/a:no_result_line,n/a:echo_sweep,n/a:echo_sweep,n/a:echo_sweep,Release,Ninja,824033c3061d73d50784872248cdb55aa04674aa,2026.5.0.dev20260903,5.0.0,2.2.0.dev0+4f1a926,32.0.101.8991,base_gemma3_GPU_add_request_echotrue_rep2_20260907T173137Z.txt
echo_sweep,base_gemma3_GPU_add_request_echotrue,3,20260907T173140Z,3.14,base,c9fff70b9f960bdb0c484fe0c2c1bed9d697bbaf,build/merge_base/,GPU,gemma3,model_cache/optimum-intel-internal-testing/tiny-random-gemma3,add_request,true,n/a:no_pytest,n/a:no_pytest,one_path.py,CRASH,3221225477,access_violation_0xC0000005,STEP add_request,n/a:echo_sweep,n/a:echo_sweep,n/a:echo_sweep,n/a:echo_sweep,n/a:echo_sweep,n/a:echo_sweep,n/a:echo_sweep,n/a:echo_sweep,n/a:echo_sweep,n/a:echo_sweep,n/a:echo_sweep,n/a:echo_sweep,n/a:echo_sweep,n/a:echo_sweep,n/a:no_result_line,n/a:no_result_line,n/a:echo_sweep,n/a:echo_sweep,n/a:echo_sweep,Release,Ninja,824033c3061d73d50784872248cdb55aa04674aa,2026.5.0.dev20260903,5.0.0,2.2.0.dev0+4f1a926,32.0.101.8991,base_gemma3_GPU_add_request_echotrue_rep3_20260907T173140Z.txt
echo_sweep,base_gemma3_GPU_string_echofalse,1,20260907T173143Z,0.92,base,c9fff70b9f960bdb0c484fe0c2c1bed9d697bbaf,build/merge_base/,GPU,gemma3,model_cache/optimum-intel-internal-testing/tiny-random-gemma3,string,false,n/a:no_pytest,n/a:no_pytest,one_path.py,COMPLETED,0,none,STEP generate(list[str]),n/a:echo_sweep,n/a:echo_sweep,n/a:echo_sweep,n/a:echo_sweep,n/a:echo_sweep,n/a:echo_sweep,n/a:echo_sweep,n/a:echo_sweep,n/a:echo_sweep,n/a:echo_sweep,n/a:echo_sweep,n/a:echo_sweep,n/a:echo_sweep,n/a:echo_sweep,153a2f682829cc4464b334a1b86dabf2a77d28734d310ffa54d7e98e83b542af,RESULT text='стрі',n/a:echo_sweep,n/a:echo_sweep,n/a:echo_sweep,Release,Ninja,824033c3061d73d50784872248cdb55aa04674aa,2026.5.0.dev20260903,5.0.0,2.2.0.dev0+4f1a926,32.0.101.8991,base_gemma3_GPU_string_echofalse_rep1_20260907T173143Z.txt
echo_sweep,base_gemma3_GPU_string_echofalse,2,20260907T173144Z,0.91,base,c9fff70b9f960bdb0c484fe0c2c1bed9d697bbaf,build/merge_base/,GPU,gemma3,model_cache/optimum-intel-internal-testing/tiny-random-gemma3,string,false,n/a:no_pytest,n/a:no_pytest,one_path.py,COMPLETED,0,none,STEP generate(list[str]),n/a:echo_sweep,n/a:echo_sweep,n/a:echo_sweep,n/a:echo_sweep,n/a:echo_sweep,n/a:echo_sweep,n/a:echo_sweep,n/a:echo_sweep,n/a:echo_sweep,n/a:echo_sweep,n/a:echo_sweep,n/a:echo_sweep,n/a:echo_sweep,n/a:echo_sweep,153a2f682829cc4464b334a1b86dabf2a77d28734d310ffa54d7e98e83b542af,RESULT text='стрі',n/a:echo_sweep,n/a:echo_sweep,n/a:echo_sweep,Release,Ninja,824033c3061d73d50784872248cdb55aa04674aa,2026.5.0.dev20260903,5.0.0,2.2.0.dev0+4f1a926,32.0.101.8991,base_gemma3_GPU_string_echofalse_rep2_20260907T173144Z.txt
echo_sweep,base_gemma3_GPU_string_echofalse,3,20260907T173145Z,0.92,base,c9fff70b9f960bdb0c484fe0c2c1bed9d697bbaf,build/merge_base/,GPU,gemma3,model_cache/optimum-intel-internal-testing/tiny-random-gemma3,string,false,n/a:no_pytest,n/a:no_pytest,one_path.py,COMPLETED,0,none,STEP generate(list[str]),n/a:echo_sweep,n/a:echo_sweep,n/a:echo_sweep,n/a:echo_sweep,n/a:echo_sweep,n/a:echo_sweep,n/a:echo_sweep,n/a:echo_sweep,n/a:echo_sweep,n/a:echo_sweep,n/a:echo_sweep,n/a:echo_sweep,n/a:echo_sweep,n/a:echo_sweep,153a2f682829cc4464b334a1b86dabf2a77d28734d310ffa54d7e98e83b542af,RESULT text='стрі',n/a:echo_sweep,n/a:echo_sweep,n/a:echo_sweep,Release,Ninja,824033c3061d73d50784872248cdb55aa04674aa,2026.5.0.dev20260903,5.0.0,2.2.0.dev0+4f1a926,32.0.101.8991,base_gemma3_GPU_string_echofalse_rep3_20260907T173145Z.txt
echo_sweep,base_gemma3_GPU_chat_history_echofalse,1,20260907T173146Z,0.92,base,c9fff70b9f960bdb0c484fe0c2c1bed9d697bbaf,build/merge_base/,GPU,gemma3,model_cache/optimum-intel-internal-testing/tiny-random-gemma3,chat_history,false,n/a:no_pytest,n/a:no_pytest,one_path.py,COMPLETED,0,none,STEP generate(list[ChatHistory]),n/a:echo_sweep,n/a:echo_sweep,n/a:echo_sweep,n/a:echo_sweep,n/a:echo_sweep,n/a:echo_sweep,n/a:echo_sweep,n/a:echo_sweep,n/a:echo_sweep,n/a:echo_sweep,n/a:echo_sweep,n/a:echo_sweep,n/a:echo_sweep,n/a:echo_sweep,153a2f682829cc4464b334a1b86dabf2a77d28734d310ffa54d7e98e83b542af,RESULT text='стрі',n/a:echo_sweep,n/a:echo_sweep,n/a:echo_sweep,Release,Ninja,824033c3061d73d50784872248cdb55aa04674aa,2026.5.0.dev20260903,5.0.0,2.2.0.dev0+4f1a926,32.0.101.8991,base_gemma3_GPU_chat_history_echofalse_rep1_20260907T173146Z.txt
echo_sweep,base_gemma3_GPU_chat_history_echofalse,2,20260907T173147Z,0.92,base,c9fff70b9f960bdb0c484fe0c2c1bed9d697bbaf,build/merge_base/,GPU,gemma3,model_cache/optimum-intel-internal-testing/tiny-random-gemma3,chat_history,false,n/a:no_pytest,n/a:no_pytest,one_path.py,COMPLETED,0,none,STEP generate(list[ChatHistory]),n/a:echo_sweep,n/a:echo_sweep,n/a:echo_sweep,n/a:echo_sweep,n/a:echo_sweep,n/a:echo_sweep,n/a:echo_sweep,n/a:echo_sweep,n/a:echo_sweep,n/a:echo_sweep,n/a:echo_sweep,n/a:echo_sweep,n/a:echo_sweep,n/a:echo_sweep,153a2f682829cc4464b334a1b86dabf2a77d28734d310ffa54d7e98e83b542af,RESULT text='стрі',n/a:echo_sweep,n/a:echo_sweep,n/a:echo_sweep,Release,Ninja,824033c3061d73d50784872248cdb55aa04674aa,2026.5.0.dev20260903,5.0.0,2.2.0.dev0+4f1a926,32.0.101.8991,base_gemma3_GPU_chat_history_echofalse_rep2_20260907T173147Z.txt
echo_sweep,base_gemma3_GPU_chat_history_echofalse,3,20260907T173148Z,0.91,base,c9fff70b9f960bdb0c484fe0c2c1bed9d697bbaf,build/merge_base/,GPU,gemma3,model_cache/optimum-intel-internal-testing/tiny-random-gemma3,chat_history,false,n/a:no_pytest,n/a:no_pytest,one_path.py,COMPLETED,0,none,STEP generate(list[ChatHistory]),n/a:echo_sweep,n/a:echo_sweep,n/a:echo_sweep,n/a:echo_sweep,n/a:echo_sweep,n/a:echo_sweep,n/a:echo_sweep,n/a:echo_sweep,n/a:echo_sweep,n/a:echo_sweep,n/a:echo_sweep,n/a:echo_sweep,n/a:echo_sweep,n/a:echo_sweep,153a2f682829cc4464b334a1b86dabf2a77d28734d310ffa54d7e98e83b542af,RESULT text='стрі',n/a:echo_sweep,n/a:echo_sweep,n/a:echo_sweep,Release,Ninja,824033c3061d73d50784872248cdb55aa04674aa,2026.5.0.dev20260903,5.0.0,2.2.0.dev0+4f1a926,32.0.101.8991,base_gemma3_GPU_chat_history_echofalse_rep3_20260907T173148Z.txt
echo_sweep,base_gemma3_GPU_add_request_echofalse,1,20260907T173149Z,0.86,base,c9fff70b9f960bdb0c484fe0c2c1bed9d697bbaf,build/merge_base/,GPU,gemma3,model_cache/optimum-intel-internal-testing/tiny-random-gemma3,add_request,false,n/a:no_pytest,n/a:no_pytest,one_path.py,COMPLETED,0,none,STEP finished after 1 step(s),n/a:echo_sweep,n/a:echo_sweep,n/a:echo_sweep,n/a:echo_sweep,n/a:echo_sweep,n/a:echo_sweep,n/a:echo_sweep,n/a:echo_sweep,n/a:echo_sweep,n/a:echo_sweep,n/a:echo_sweep,n/a:echo_sweep,n/a:echo_sweep,n/a:echo_sweep,151bba38b945f30c562265c3f2e4af57b0209597b1bfaec7296b6222bea7f7bc,RESULT decoded='стрі',n/a:echo_sweep,n/a:echo_sweep,n/a:echo_sweep,Release,Ninja,824033c3061d73d50784872248cdb55aa04674aa,2026.5.0.dev20260903,5.0.0,2.2.0.dev0+4f1a926,32.0.101.8991,base_gemma3_GPU_add_request_echofalse_rep1_20260907T173149Z.txt
echo_sweep,base_gemma3_GPU_add_request_echofalse,2,20260907T173150Z,0.86,base,c9fff70b9f960bdb0c484fe0c2c1bed9d697bbaf,build/merge_base/,GPU,gemma3,model_cache/optimum-intel-internal-testing/tiny-random-gemma3,add_request,false,n/a:no_pytest,n/a:no_pytest,one_path.py,COMPLETED,0,none,STEP finished after 1 step(s),n/a:echo_sweep,n/a:echo_sweep,n/a:echo_sweep,n/a:echo_sweep,n/a:echo_sweep,n/a:echo_sweep,n/a:echo_sweep,n/a:echo_sweep,n/a:echo_sweep,n/a:echo_sweep,n/a:echo_sweep,n/a:echo_sweep,n/a:echo_sweep,n/a:echo_sweep,151bba38b945f30c562265c3f2e4af57b0209597b1bfaec7296b6222bea7f7bc,RESULT decoded='стрі',n/a:echo_sweep,n/a:echo_sweep,n/a:echo_sweep,Release,Ninja,824033c3061d73d50784872248cdb55aa04674aa,2026.5.0.dev20260903,5.0.0,2.2.0.dev0+4f1a926,32.0.101.8991,base_gemma3_GPU_add_request_echofalse_rep2_20260907T173150Z.txt
echo_sweep,base_gemma3_GPU_add_request_echofalse,3,20260907T173151Z,0.88,base,c9fff70b9f960bdb0c484fe0c2c1bed9d697bbaf,build/merge_base/,GPU,gemma3,model_cache/optimum-intel-internal-testing/tiny-random-gemma3,add_request,false,n/a:no_pytest,n/a:no_pytest,one_path.py,COMPLETED,0,none,STEP finished after 1 step(s),n/a:echo_sweep,n/a:echo_sweep,n/a:echo_sweep,n/a:echo_sweep,n/a:echo_sweep,n/a:echo_sweep,n/a:echo_sweep,n/a:echo_sweep,n/a:echo_sweep,n/a:echo_sweep,n/a:echo_sweep,n/a:echo_sweep,n/a:echo_sweep,n/a:echo_sweep,151bba38b945f30c562265c3f2e4af57b0209597b1bfaec7296b6222bea7f7bc,RESULT decoded='стрі',n/a:echo_sweep,n/a:echo_sweep,n/a:echo_sweep,Release,Ninja,824033c3061d73d50784872248cdb55aa04674aa,2026.5.0.dev20260903,5.0.0,2.2.0.dev0+4f1a926,32.0.101.8991,base_gemma3_GPU_add_request_echofalse_rep3_20260907T173151Z.txt
echo_sweep,prhead_gemma3_GPU_string_echotrue,1,20260907T173151Z,0.94,prhead,e6fced66b1b8ccc685fe9ce8c10f199f5c095418,build/pr_head/,GPU,gemma3,model_cache/optimum-intel-internal-testing/tiny-random-gemma3,string,true,n/a:no_pytest,n/a:no_pytest,one_path.py,COMPLETED,0,none,STEP generate(list[str]),n/a:echo_sweep,n/a:echo_sweep,n/a:echo_sweep,n/a:echo_sweep,n/a:echo_sweep,n/a:echo_sweep,n/a:echo_sweep,n/a:echo_sweep,n/a:echo_sweep,n/a:echo_sweep,n/a:echo_sweep,n/a:echo_sweep,n/a:echo_sweep,n/a:echo_sweep,75a36557bd2529c3f8378d94060c97a5e80a8822130c055080972aa3c24db278,RESULT text='user\nUnique sampler prompt sentinel 4368\nmodel\nстрі',n/a:echo_sweep,n/a:echo_sweep,n/a:echo_sweep,Release,Ninja,824033c3061d73d50784872248cdb55aa04674aa,2026.5.0.dev20260903,5.0.0,2.2.0.dev0+4f1a926,32.0.101.8991,prhead_gemma3_GPU_string_echotrue_rep1_20260907T173151Z.txt
echo_sweep,prhead_gemma3_GPU_string_echotrue,2,20260907T173152Z,0.94,prhead,e6fced66b1b8ccc685fe9ce8c10f199f5c095418,build/pr_head/,GPU,gemma3,model_cache/optimum-intel-internal-testing/tiny-random-gemma3,string,true,n/a:no_pytest,n/a:no_pytest,one_path.py,COMPLETED,0,none,STEP generate(list[str]),n/a:echo_sweep,n/a:echo_sweep,n/a:echo_sweep,n/a:echo_sweep,n/a:echo_sweep,n/a:echo_sweep,n/a:echo_sweep,n/a:echo_sweep,n/a:echo_sweep,n/a:echo_sweep,n/a:echo_sweep,n/a:echo_sweep,n/a:echo_sweep,n/a:echo_sweep,75a36557bd2529c3f8378d94060c97a5e80a8822130c055080972aa3c24db278,RESULT text='user\nUnique sampler prompt sentinel 4368\nmodel\nстрі',n/a:echo_sweep,n/a:echo_sweep,n/a:echo_sweep,Release,Ninja,824033c3061d73d50784872248cdb55aa04674aa,2026.5.0.dev20260903,5.0.0,2.2.0.dev0+4f1a926,32.0.101.8991,prhead_gemma3_GPU_string_echotrue_rep2_20260907T173152Z.txt
echo_sweep,prhead_gemma3_GPU_string_echotrue,3,20260907T173153Z,0.94,prhead,e6fced66b1b8ccc685fe9ce8c10f199f5c095418,build/pr_head/,GPU,gemma3,model_cache/optimum-intel-internal-testing/tiny-random-gemma3,string,true,n/a:no_pytest,n/a:no_pytest,one_path.py,COMPLETED,0,none,STEP generate(list[str]),n/a:echo_sweep,n/a:echo_sweep,n/a:echo_sweep,n/a:echo_sweep,n/a:echo_sweep,n/a:echo_sweep,n/a:echo_sweep,n/a:echo_sweep,n/a:echo_sweep,n/a:echo_sweep,n/a:echo_sweep,n/a:echo_sweep,n/a:echo_sweep,n/a:echo_sweep,75a36557bd2529c3f8378d94060c97a5e80a8822130c055080972aa3c24db278,RESULT text='user\nUnique sampler prompt sentinel 4368\nmodel\nстрі',n/a:echo_sweep,n/a:echo_sweep,n/a:echo_sweep,Release,Ninja,824033c3061d73d50784872248cdb55aa04674aa,2026.5.0.dev20260903,5.0.0,2.2.0.dev0+4f1a926,32.0.101.8991,prhead_gemma3_GPU_string_echotrue_rep3_20260907T173153Z.txt
echo_sweep,prhead_gemma3_GPU_chat_history_echotrue,1,20260907T173154Z,0.92,prhead,e6fced66b1b8ccc685fe9ce8c10f199f5c095418,build/pr_head/,GPU,gemma3,model_cache/optimum-intel-internal-testing/tiny-random-gemma3,chat_history,true,n/a:no_pytest,n/a:no_pytest,one_path.py,COMPLETED,0,none,STEP generate(list[ChatHistory]),n/a:echo_sweep,n/a:echo_sweep,n/a:echo_sweep,n/a:echo_sweep,n/a:echo_sweep,n/a:echo_sweep,n/a:echo_sweep,n/a:echo_sweep,n/a:echo_sweep,n/a:echo_sweep,n/a:echo_sweep,n/a:echo_sweep,n/a:echo_sweep,n/a:echo_sweep,75a36557bd2529c3f8378d94060c97a5e80a8822130c055080972aa3c24db278,RESULT text='user\nUnique sampler prompt sentinel 4368\nmodel\nстрі',n/a:echo_sweep,n/a:echo_sweep,n/a:echo_sweep,Release,Ninja,824033c3061d73d50784872248cdb55aa04674aa,2026.5.0.dev20260903,5.0.0,2.2.0.dev0+4f1a926,32.0.101.8991,prhead_gemma3_GPU_chat_history_echotrue_rep1_20260907T173154Z.txt
echo_sweep,prhead_gemma3_GPU_chat_history_echotrue,2,20260907T173155Z,0.97,prhead,e6fced66b1b8ccc685fe9ce8c10f199f5c095418,build/pr_head/,GPU,gemma3,model_cache/optimum-intel-internal-testing/tiny-random-gemma3,chat_history,true,n/a:no_pytest,n/a:no_pytest,one_path.py,COMPLETED,0,none,STEP generate(list[ChatHistory]),n/a:echo_sweep,n/a:echo_sweep,n/a:echo_sweep,n/a:echo_sweep,n/a:echo_sweep,n/a:echo_sweep,n/a:echo_sweep,n/a:echo_sweep,n/a:echo_sweep,n/a:echo_sweep,n/a:echo_sweep,n/a:echo_sweep,n/a:echo_sweep,n/a:echo_sweep,75a36557bd2529c3f8378d94060c97a5e80a8822130c055080972aa3c24db278,RESULT text='user\nUnique sampler prompt sentinel 4368\nmodel\nстрі',n/a:echo_sweep,n/a:echo_sweep,n/a:echo_sweep,Release,Ninja,824033c3061d73d50784872248cdb55aa04674aa,2026.5.0.dev20260903,5.0.0,2.2.0.dev0+4f1a926,32.0.101.8991,prhead_gemma3_GPU_chat_history_echotrue_rep2_20260907T173155Z.txt
echo_sweep,prhead_gemma3_GPU_chat_history_echotrue,3,20260907T173156Z,0.94,prhead,e6fced66b1b8ccc685fe9ce8c10f199f5c095418,build/pr_head/,GPU,gemma3,model_cache/optimum-intel-internal-testing/tiny-random-gemma3,chat_history,true,n/a:no_pytest,n/a:no_pytest,one_path.py,COMPLETED,0,none,STEP generate(list[ChatHistory]),n/a:echo_sweep,n/a:echo_sweep,n/a:echo_sweep,n/a:echo_sweep,n/a:echo_sweep,n/a:echo_sweep,n/a:echo_sweep,n/a:echo_sweep,n/a:echo_sweep,n/a:echo_sweep,n/a:echo_sweep,n/a:echo_sweep,n/a:echo_sweep,n/a:echo_sweep,75a36557bd2529c3f8378d94060c97a5e80a8822130c055080972aa3c24db278,RESULT text='user\nUnique sampler prompt sentinel 4368\nmodel\nстрі',n/a:echo_sweep,n/a:echo_sweep,n/a:echo_sweep,Release,Ninja,824033c3061d73d50784872248cdb55aa04674aa,2026.5.0.dev20260903,5.0.0,2.2.0.dev0+4f1a926,32.0.101.8991,prhead_gemma3_GPU_chat_history_echotrue_rep3_20260907T173156Z.txt
echo_sweep,prhead_gemma3_GPU_add_request_echotrue,1,20260907T173157Z,0.88,prhead,e6fced66b1b8ccc685fe9ce8c10f199f5c095418,build/pr_head/,GPU,gemma3,model_cache/optimum-intel-internal-testing/tiny-random-gemma3,add_request,true,n/a:no_pytest,n/a:no_pytest,one_path.py,COMPLETED,0,none,STEP finished after 1 step(s),n/a:echo_sweep,n/a:echo_sweep,n/a:echo_sweep,n/a:echo_sweep,n/a:echo_sweep,n/a:echo_sweep,n/a:echo_sweep,n/a:echo_sweep,n/a:echo_sweep,n/a:echo_sweep,n/a:echo_sweep,n/a:echo_sweep,n/a:echo_sweep,n/a:echo_sweep,01fb4ff3faa188b80961c22ed2aeec5ce437520bfb1a4660338a711d1989cea5,RESULT decoded='user\nUnique sampler prompt sentinel 4368\nmodel\nстрі',n/a:echo_sweep,n/a:echo_sweep,n/a:echo_sweep,Release,Ninja,824033c3061d73d50784872248cdb55aa04674aa,2026.5.0.dev20260903,5.0.0,2.2.0.dev0+4f1a926,32.0.101.8991,prhead_gemma3_GPU_add_request_echotrue_rep1_20260907T173157Z.txt
echo_sweep,prhead_gemma3_GPU_add_request_echotrue,2,20260907T173158Z,0.88,prhead,e6fced66b1b8ccc685fe9ce8c10f199f5c095418,build/pr_head/,GPU,gemma3,model_cache/optimum-intel-internal-testing/tiny-random-gemma3,add_request,true,n/a:no_pytest,n/a:no_pytest,one_path.py,COMPLETED,0,none,STEP finished after 1 step(s),n/a:echo_sweep,n/a:echo_sweep,n/a:echo_sweep,n/a:echo_sweep,n/a:echo_sweep,n/a:echo_sweep,n/a:echo_sweep,n/a:echo_sweep,n/a:echo_sweep,n/a:echo_sweep,n/a:echo_sweep,n/a:echo_sweep,n/a:echo_sweep,n/a:echo_sweep,01fb4ff3faa188b80961c22ed2aeec5ce437520bfb1a4660338a711d1989cea5,RESULT decoded='user\nUnique sampler prompt sentinel 4368\nmodel\nстрі',n/a:echo_sweep,n/a:echo_sweep,n/a:echo_sweep,Release,Ninja,824033c3061d73d50784872248cdb55aa04674aa,2026.5.0.dev20260903,5.0.0,2.2.0.dev0+4f1a926,32.0.101.8991,prhead_gemma3_GPU_add_request_echotrue_rep2_20260907T173158Z.txt
echo_sweep,prhead_gemma3_GPU_add_request_echotrue,3,20260907T173159Z,0.88,prhead,e6fced66b1b8ccc685fe9ce8c10f199f5c095418,build/pr_head/,GPU,gemma3,model_cache/optimum-intel-internal-testing/tiny-random-gemma3,add_request,true,n/a:no_pytest,n/a:no_pytest,one_path.py,COMPLETED,0,none,STEP finished after 1 step(s),n/a:echo_sweep,n/a:echo_sweep,n/a:echo_sweep,n/a:echo_sweep,n/a:echo_sweep,n/a:echo_sweep,n/a:echo_sweep,n/a:echo_sweep,n/a:echo_sweep,n/a:echo_sweep,n/a:echo_sweep,n/a:echo_sweep,n/a:echo_sweep,n/a:echo_sweep,01fb4ff3faa188b80961c22ed2aeec5ce437520bfb1a4660338a711d1989cea5,RESULT decoded='user\nUnique sampler prompt sentinel 4368\nmodel\nстрі',n/a:echo_sweep,n/a:echo_sweep,n/a:echo_sweep,Release,Ninja,824033c3061d73d50784872248cdb55aa04674aa,2026.5.0.dev20260903,5.0.0,2.2.0.dev0+4f1a926,32.0.101.8991,prhead_gemma3_GPU_add_request_echotrue_rep3_20260907T173159Z.txt
echo_sweep,prhead_gemma3_GPU_string_echofalse,1,20260907T173200Z,0.91,prhead,e6fced66b1b8ccc685fe9ce8c10f199f5c095418,build/pr_head/,GPU,gemma3,model_cache/optimum-intel-internal-testing/tiny-random-gemma3,string,false,n/a:no_pytest,n/a:no_pytest,one_path.py,COMPLETED,0,none,STEP generate(list[str]),n/a:echo_sweep,n/a:echo_sweep,n/a:echo_sweep,n/a:echo_sweep,n/a:echo_sweep,n/a:echo_sweep,n/a:echo_sweep,n/a:echo_sweep,n/a:echo_sweep,n/a:echo_sweep,n/a:echo_sweep,n/a:echo_sweep,n/a:echo_sweep,n/a:echo_sweep,153a2f682829cc4464b334a1b86dabf2a77d28734d310ffa54d7e98e83b542af,RESULT text='стрі',n/a:echo_sweep,n/a:echo_sweep,n/a:echo_sweep,Release,Ninja,824033c3061d73d50784872248cdb55aa04674aa,2026.5.0.dev20260903,5.0.0,2.2.0.dev0+4f1a926,32.0.101.8991,prhead_gemma3_GPU_string_echofalse_rep1_20260907T173200Z.txt
echo_sweep,prhead_gemma3_GPU_string_echofalse,2,20260907T173201Z,0.92,prhead,e6fced66b1b8ccc685fe9ce8c10f199f5c095418,build/pr_head/,GPU,gemma3,model_cache/optimum-intel-internal-testing/tiny-random-gemma3,string,false,n/a:no_pytest,n/a:no_pytest,one_path.py,COMPLETED,0,none,STEP generate(list[str]),n/a:echo_sweep,n/a:echo_sweep,n/a:echo_sweep,n/a:echo_sweep,n/a:echo_sweep,n/a:echo_sweep,n/a:echo_sweep,n/a:echo_sweep,n/a:echo_sweep,n/a:echo_sweep,n/a:echo_sweep,n/a:echo_sweep,n/a:echo_sweep,n/a:echo_sweep,153a2f682829cc4464b334a1b86dabf2a77d28734d310ffa54d7e98e83b542af,RESULT text='стрі',n/a:echo_sweep,n/a:echo_sweep,n/a:echo_sweep,Release,Ninja,824033c3061d73d50784872248cdb55aa04674aa,2026.5.0.dev20260903,5.0.0,2.2.0.dev0+4f1a926,32.0.101.8991,prhead_gemma3_GPU_string_echofalse_rep2_20260907T173201Z.txt
echo_sweep,prhead_gemma3_GPU_string_echofalse,3,20260907T173202Z,0.92,prhead,e6fced66b1b8ccc685fe9ce8c10f199f5c095418,build/pr_head/,GPU,gemma3,model_cache/optimum-intel-internal-testing/tiny-random-gemma3,string,false,n/a:no_pytest,n/a:no_pytest,one_path.py,COMPLETED,0,none,STEP generate(list[str]),n/a:echo_sweep,n/a:echo_sweep,n/a:echo_sweep,n/a:echo_sweep,n/a:echo_sweep,n/a:echo_sweep,n/a:echo_sweep,n/a:echo_sweep,n/a:echo_sweep,n/a:echo_sweep,n/a:echo_sweep,n/a:echo_sweep,n/a:echo_sweep,n/a:echo_sweep,153a2f682829cc4464b334a1b86dabf2a77d28734d310ffa54d7e98e83b542af,RESULT text='стрі',n/a:echo_sweep,n/a:echo_sweep,n/a:echo_sweep,Release,Ninja,824033c3061d73d50784872248cdb55aa04674aa,2026.5.0.dev20260903,5.0.0,2.2.0.dev0+4f1a926,32.0.101.8991,prhead_gemma3_GPU_string_echofalse_rep3_20260907T173202Z.txt
echo_sweep,prhead_gemma3_GPU_chat_history_echofalse,1,20260907T173203Z,0.92,prhead,e6fced66b1b8ccc685fe9ce8c10f199f5c095418,build/pr_head/,GPU,gemma3,model_cache/optimum-intel-internal-testing/tiny-random-gemma3,chat_history,false,n/a:no_pytest,n/a:no_pytest,one_path.py,COMPLETED,0,none,STEP generate(list[ChatHistory]),n/a:echo_sweep,n/a:echo_sweep,n/a:echo_sweep,n/a:echo_sweep,n/a:echo_sweep,n/a:echo_sweep,n/a:echo_sweep,n/a:echo_sweep,n/a:echo_sweep,n/a:echo_sweep,n/a:echo_sweep,n/a:echo_sweep,n/a:echo_sweep,n/a:echo_sweep,153a2f682829cc4464b334a1b86dabf2a77d28734d310ffa54d7e98e83b542af,RESULT text='стрі',n/a:echo_sweep,n/a:echo_sweep,n/a:echo_sweep,Release,Ninja,824033c3061d73d50784872248cdb55aa04674aa,2026.5.0.dev20260903,5.0.0,2.2.0.dev0+4f1a926,32.0.101.8991,prhead_gemma3_GPU_chat_history_echofalse_rep1_20260907T173203Z.txt
echo_sweep,prhead_gemma3_GPU_chat_history_echofalse,2,20260907T173203Z,0.89,prhead,e6fced66b1b8ccc685fe9ce8c10f199f5c095418,build/pr_head/,GPU,gemma3,model_cache/optimum-intel-internal-testing/tiny-random-gemma3,chat_history,false,n/a:no_pytest,n/a:no_pytest,one_path.py,COMPLETED,0,none,STEP generate(list[ChatHistory]),n/a:echo_sweep,n/a:echo_sweep,n/a:echo_sweep,n/a:echo_sweep,n/a:echo_sweep,n/a:echo_sweep,n/a:echo_sweep,n/a:echo_sweep,n/a:echo_sweep,n/a:echo_sweep,n/a:echo_sweep,n/a:echo_sweep,n/a:echo_sweep,n/a:echo_sweep,153a2f682829cc4464b334a1b86dabf2a77d28734d310ffa54d7e98e83b542af,RESULT text='стрі',n/a:echo_sweep,n/a:echo_sweep,n/a:echo_sweep,Release,Ninja,824033c3061d73d50784872248cdb55aa04674aa,2026.5.0.dev20260903,5.0.0,2.2.0.dev0+4f1a926,32.0.101.8991,prhead_gemma3_GPU_chat_history_echofalse_rep2_20260907T173203Z.txt
echo_sweep,prhead_gemma3_GPU_chat_history_echofalse,3,20260907T173204Z,0.94,prhead,e6fced66b1b8ccc685fe9ce8c10f199f5c095418,build/pr_head/,GPU,gemma3,model_cache/optimum-intel-internal-testing/tiny-random-gemma3,chat_history,false,n/a:no_pytest,n/a:no_pytest,one_path.py,COMPLETED,0,none,STEP generate(list[ChatHistory]),n/a:echo_sweep,n/a:echo_sweep,n/a:echo_sweep,n/a:echo_sweep,n/a:echo_sweep,n/a:echo_sweep,n/a:echo_sweep,n/a:echo_sweep,n/a:echo_sweep,n/a:echo_sweep,n/a:echo_sweep,n/a:echo_sweep,n/a:echo_sweep,n/a:echo_sweep,153a2f682829cc4464b334a1b86dabf2a77d28734d310ffa54d7e98e83b542af,RESULT text='стрі',n/a:echo_sweep,n/a:echo_sweep,n/a:echo_sweep,Release,Ninja,824033c3061d73d50784872248cdb55aa04674aa,2026.5.0.dev20260903,5.0.0,2.2.0.dev0+4f1a926,32.0.101.8991,prhead_gemma3_GPU_chat_history_echofalse_rep3_20260907T173204Z.txt
echo_sweep,prhead_gemma3_GPU_add_request_echofalse,1,20260907T173205Z,0.86,prhead,e6fced66b1b8ccc685fe9ce8c10f199f5c095418,build/pr_head/,GPU,gemma3,model_cache/optimum-intel-internal-testing/tiny-random-gemma3,add_request,false,n/a:no_pytest,n/a:no_pytest,one_path.py,COMPLETED,0,none,STEP finished after 1 step(s),n/a:echo_sweep,n/a:echo_sweep,n/a:echo_sweep,n/a:echo_sweep,n/a:echo_sweep,n/a:echo_sweep,n/a:echo_sweep,n/a:echo_sweep,n/a:echo_sweep,n/a:echo_sweep,n/a:echo_sweep,n/a:echo_sweep,n/a:echo_sweep,n/a:echo_sweep,151bba38b945f30c562265c3f2e4af57b0209597b1bfaec7296b6222bea7f7bc,RESULT decoded='стрі',n/a:echo_sweep,n/a:echo_sweep,n/a:echo_sweep,Release,Ninja,824033c3061d73d50784872248cdb55aa04674aa,2026.5.0.dev20260903,5.0.0,2.2.0.dev0+4f1a926,32.0.101.8991,prhead_gemma3_GPU_add_request_echofalse_rep1_20260907T173205Z.txt
echo_sweep,prhead_gemma3_GPU_add_request_echofalse,2,20260907T173206Z,0.84,prhead,e6fced66b1b8ccc685fe9ce8c10f199f5c095418,build/pr_head/,GPU,gemma3,model_cache/optimum-intel-internal-testing/tiny-random-gemma3,add_request,false,n/a:no_pytest,n/a:no_pytest,one_path.py,COMPLETED,0,none,STEP finished after 1 step(s),n/a:echo_sweep,n/a:echo_sweep,n/a:echo_sweep,n/a:echo_sweep,n/a:echo_sweep,n/a:echo_sweep,n/a:echo_sweep,n/a:echo_sweep,n/a:echo_sweep,n/a:echo_sweep,n/a:echo_sweep,n/a:echo_sweep,n/a:echo_sweep,n/a:echo_sweep,151bba38b945f30c562265c3f2e4af57b0209597b1bfaec7296b6222bea7f7bc,RESULT decoded='стрі',n/a:echo_sweep,n/a:echo_sweep,n/a:echo_sweep,Release,Ninja,824033c3061d73d50784872248cdb55aa04674aa,2026.5.0.dev20260903,5.0.0,2.2.0.dev0+4f1a926,32.0.101.8991,prhead_gemma3_GPU_add_request_echofalse_rep2_20260907T173206Z.txt
echo_sweep,prhead_gemma3_GPU_add_request_echofalse,3,20260907T173207Z,0.86,prhead,e6fced66b1b8ccc685fe9ce8c10f199f5c095418,build/pr_head/,GPU,gemma3,model_cache/optimum-intel-internal-testing/tiny-random-gemma3,add_request,false,n/a:no_pytest,n/a:no_pytest,one_path.py,COMPLETED,0,none,STEP finished after 1 step(s),n/a:echo_sweep,n/a:echo_sweep,n/a:echo_sweep,n/a:echo_sweep,n/a:echo_sweep,n/a:echo_sweep,n/a:echo_sweep,n/a:echo_sweep,n/a:echo_sweep,n/a:echo_sweep,n/a:echo_sweep,n/a:echo_sweep,n/a:echo_sweep,n/a:echo_sweep,151bba38b945f30c562265c3f2e4af57b0209597b1bfaec7296b6222bea7f7bc,RESULT decoded='стрі',n/a:echo_sweep,n/a:echo_sweep,n/a:echo_sweep,Release,Ninja,824033c3061d73d50784872248cdb55aa04674aa,2026.5.0.dev20260903,5.0.0,2.2.0.dev0+4f1a926,32.0.101.8991,prhead_gemma3_GPU_add_request_echofalse_rep3_20260907T173207Z.txt
textonly_sweep,base_qwen3-0.6b-int8-text-only_CPU_string_echotrue,1,20260907T173348Z,1.78,base,c9fff70b9f960bdb0c484fe0c2c1bed9d697bbaf,build/merge_base/,CPU,qwen3-0.6b-int8-text-only,model_cache/qwen3-0.6b-int8,string,true,n/a:no_pytest,n/a:no_pytest,one_path.py,COMPLETED,0,none,STEP generate(list[str]),n/a:textonly_sweep,n/a:textonly_sweep,n/a:textonly_sweep,n/a:textonly_sweep,n/a:textonly_sweep,n/a:textonly_sweep,n/a:textonly_sweep,n/a:textonly_sweep,n/a:textonly_sweep,n/a:textonly_sweep,n/a:textonly_sweep,n/a:textonly_sweep,n/a:textonly_sweep,n/a:textonly_sweep,35a345bc860852c218a513ec2a0f8932ec1ac1ab3f0aee364eef61c06710497f,RESULT text='user\nUnique sampler prompt sentinel 4368\nassistant\n<think>',n/a:textonly_sweep,n/a:textonly_sweep,n/a:textonly_sweep,Release,Ninja,824033c3061d73d50784872248cdb55aa04674aa,2026.5.0.dev20260903,5.0.0,2.2.0.dev0+4f1a926,32.0.101.8991,base_qwen3-0.6b-int8-text-only_CPU_string_echotrue_rep1_20260907T173348Z.txt
textonly_sweep,base_qwen3-0.6b-int8-text-only_CPU_string_echotrue,2,20260907T173350Z,1.77,base,c9fff70b9f960bdb0c484fe0c2c1bed9d697bbaf,build/merge_base/,CPU,qwen3-0.6b-int8-text-only,model_cache/qwen3-0.6b-int8,string,true,n/a:no_pytest,n/a:no_pytest,one_path.py,COMPLETED,0,none,STEP generate(list[str]),n/a:textonly_sweep,n/a:textonly_sweep,n/a:textonly_sweep,n/a:textonly_sweep,n/a:textonly_sweep,n/a:textonly_sweep,n/a:textonly_sweep,n/a:textonly_sweep,n/a:textonly_sweep,n/a:textonly_sweep,n/a:textonly_sweep,n/a:textonly_sweep,n/a:textonly_sweep,n/a:textonly_sweep,35a345bc860852c218a513ec2a0f8932ec1ac1ab3f0aee364eef61c06710497f,RESULT text='user\nUnique sampler prompt sentinel 4368\nassistant\n<think>',n/a:textonly_sweep,n/a:textonly_sweep,n/a:textonly_sweep,Release,Ninja,824033c3061d73d50784872248cdb55aa04674aa,2026.5.0.dev20260903,5.0.0,2.2.0.dev0+4f1a926,32.0.101.8991,base_qwen3-0.6b-int8-text-only_CPU_string_echotrue_rep2_20260907T173350Z.txt
textonly_sweep,base_qwen3-0.6b-int8-text-only_CPU_string_echotrue,3,20260907T173352Z,1.78,base,c9fff70b9f960bdb0c484fe0c2c1bed9d697bbaf,build/merge_base/,CPU,qwen3-0.6b-int8-text-only,model_cache/qwen3-0.6b-int8,string,true,n/a:no_pytest,n/a:no_pytest,one_path.py,COMPLETED,0,none,STEP generate(list[str]),n/a:textonly_sweep,n/a:textonly_sweep,n/a:textonly_sweep,n/a:textonly_sweep,n/a:textonly_sweep,n/a:textonly_sweep,n/a:textonly_sweep,n/a:textonly_sweep,n/a:textonly_sweep,n/a:textonly_sweep,n/a:textonly_sweep,n/a:textonly_sweep,n/a:textonly_sweep,n/a:textonly_sweep,35a345bc860852c218a513ec2a0f8932ec1ac1ab3f0aee364eef61c06710497f,RESULT text='user\nUnique sampler prompt sentinel 4368\nassistant\n<think>',n/a:textonly_sweep,n/a:textonly_sweep,n/a:textonly_sweep,Release,Ninja,824033c3061d73d50784872248cdb55aa04674aa,2026.5.0.dev20260903,5.0.0,2.2.0.dev0+4f1a926,32.0.101.8991,base_qwen3-0.6b-int8-text-only_CPU_string_echotrue_rep3_20260907T173352Z.txt
textonly_sweep,base_qwen3-0.6b-int8-text-only_CPU_chat_history_echotrue,1,20260907T173353Z,1.78,base,c9fff70b9f960bdb0c484fe0c2c1bed9d697bbaf,build/merge_base/,CPU,qwen3-0.6b-int8-text-only,model_cache/qwen3-0.6b-int8,chat_history,true,n/a:no_pytest,n/a:no_pytest,one_path.py,COMPLETED,0,none,STEP generate(list[ChatHistory]),n/a:textonly_sweep,n/a:textonly_sweep,n/a:textonly_sweep,n/a:textonly_sweep,n/a:textonly_sweep,n/a:textonly_sweep,n/a:textonly_sweep,n/a:textonly_sweep,n/a:textonly_sweep,n/a:textonly_sweep,n/a:textonly_sweep,n/a:textonly_sweep,n/a:textonly_sweep,n/a:textonly_sweep,35a345bc860852c218a513ec2a0f8932ec1ac1ab3f0aee364eef61c06710497f,RESULT text='user\nUnique sampler prompt sentinel 4368\nassistant\n<think>',n/a:textonly_sweep,n/a:textonly_sweep,n/a:textonly_sweep,Release,Ninja,824033c3061d73d50784872248cdb55aa04674aa,2026.5.0.dev20260903,5.0.0,2.2.0.dev0+4f1a926,32.0.101.8991,base_qwen3-0.6b-int8-text-only_CPU_chat_history_echotrue_rep1_20260907T173353Z.txt
textonly_sweep,base_qwen3-0.6b-int8-text-only_CPU_chat_history_echotrue,2,20260907T173355Z,1.8,base,c9fff70b9f960bdb0c484fe0c2c1bed9d697bbaf,build/merge_base/,CPU,qwen3-0.6b-int8-text-only,model_cache/qwen3-0.6b-int8,chat_history,true,n/a:no_pytest,n/a:no_pytest,one_path.py,COMPLETED,0,none,STEP generate(list[ChatHistory]),n/a:textonly_sweep,n/a:textonly_sweep,n/a:textonly_sweep,n/a:textonly_sweep,n/a:textonly_sweep,n/a:textonly_sweep,n/a:textonly_sweep,n/a:textonly_sweep,n/a:textonly_sweep,n/a:textonly_sweep,n/a:textonly_sweep,n/a:textonly_sweep,n/a:textonly_sweep,n/a:textonly_sweep,35a345bc860852c218a513ec2a0f8932ec1ac1ab3f0aee364eef61c06710497f,RESULT text='user\nUnique sampler prompt sentinel 4368\nassistant\n<think>',n/a:textonly_sweep,n/a:textonly_sweep,n/a:textonly_sweep,Release,Ninja,824033c3061d73d50784872248cdb55aa04674aa,2026.5.0.dev20260903,5.0.0,2.2.0.dev0+4f1a926,32.0.101.8991,base_qwen3-0.6b-int8-text-only_CPU_chat_history_echotrue_rep2_20260907T173355Z.txt
textonly_sweep,base_qwen3-0.6b-int8-text-only_CPU_chat_history_echotrue,3,20260907T173357Z,1.78,base,c9fff70b9f960bdb0c484fe0c2c1bed9d697bbaf,build/merge_base/,CPU,qwen3-0.6b-int8-text-only,model_cache/qwen3-0.6b-int8,chat_history,true,n/a:no_pytest,n/a:no_pytest,one_path.py,COMPLETED,0,none,STEP generate(list[ChatHistory]),n/a:textonly_sweep,n/a:textonly_sweep,n/a:textonly_sweep,n/a:textonly_sweep,n/a:textonly_sweep,n/a:textonly_sweep,n/a:textonly_sweep,n/a:textonly_sweep,n/a:textonly_sweep,n/a:textonly_sweep,n/a:textonly_sweep,n/a:textonly_sweep,n/a:textonly_sweep,n/a:textonly_sweep,35a345bc860852c218a513ec2a0f8932ec1ac1ab3f0aee364eef61c06710497f,RESULT text='user\nUnique sampler prompt sentinel 4368\nassistant\n<think>',n/a:textonly_sweep,n/a:textonly_sweep,n/a:textonly_sweep,Release,Ninja,824033c3061d73d50784872248cdb55aa04674aa,2026.5.0.dev20260903,5.0.0,2.2.0.dev0+4f1a926,32.0.101.8991,base_qwen3-0.6b-int8-text-only_CPU_chat_history_echotrue_rep3_20260907T173357Z.txt
textonly_sweep,base_qwen3-0.6b-int8-text-only_CPU_add_request_echotrue,1,20260907T173359Z,1.74,base,c9fff70b9f960bdb0c484fe0c2c1bed9d697bbaf,build/merge_base/,CPU,qwen3-0.6b-int8-text-only,model_cache/qwen3-0.6b-int8,add_request,true,n/a:no_pytest,n/a:no_pytest,one_path.py,COMPLETED,0,none,STEP finished after 1 step(s),n/a:textonly_sweep,n/a:textonly_sweep,n/a:textonly_sweep,n/a:textonly_sweep,n/a:textonly_sweep,n/a:textonly_sweep,n/a:textonly_sweep,n/a:textonly_sweep,n/a:textonly_sweep,n/a:textonly_sweep,n/a:textonly_sweep,n/a:textonly_sweep,n/a:textonly_sweep,n/a:textonly_sweep,80f675b26b6650e7a8aaabe3c1e25bf61d7c0cd08de8c0bf449e840dcc167c64,RESULT decoded='Unique sampler prompt sentinel 4368\n\n',n/a:textonly_sweep,n/a:textonly_sweep,n/a:textonly_sweep,Release,Ninja,824033c3061d73d50784872248cdb55aa04674aa,2026.5.0.dev20260903,5.0.0,2.2.0.dev0+4f1a926,32.0.101.8991,base_qwen3-0.6b-int8-text-only_CPU_add_request_echotrue_rep1_20260907T173359Z.txt
textonly_sweep,base_qwen3-0.6b-int8-text-only_CPU_add_request_echotrue,2,20260907T173401Z,1.78,base,c9fff70b9f960bdb0c484fe0c2c1bed9d697bbaf,build/merge_base/,CPU,qwen3-0.6b-int8-text-only,model_cache/qwen3-0.6b-int8,add_request,true,n/a:no_pytest,n/a:no_pytest,one_path.py,COMPLETED,0,none,STEP finished after 1 step(s),n/a:textonly_sweep,n/a:textonly_sweep,n/a:textonly_sweep,n/a:textonly_sweep,n/a:textonly_sweep,n/a:textonly_sweep,n/a:textonly_sweep,n/a:textonly_sweep,n/a:textonly_sweep,n/a:textonly_sweep,n/a:textonly_sweep,n/a:textonly_sweep,n/a:textonly_sweep,n/a:textonly_sweep,80f675b26b6650e7a8aaabe3c1e25bf61d7c0cd08de8c0bf449e840dcc167c64,RESULT decoded='Unique sampler prompt sentinel 4368\n\n',n/a:textonly_sweep,n/a:textonly_sweep,n/a:textonly_sweep,Release,Ninja,824033c3061d73d50784872248cdb55aa04674aa,2026.5.0.dev20260903,5.0.0,2.2.0.dev0+4f1a926,32.0.101.8991,base_qwen3-0.6b-int8-text-only_CPU_add_request_echotrue_rep2_20260907T173401Z.txt
textonly_sweep,base_qwen3-0.6b-int8-text-only_CPU_add_request_echotrue,3,20260907T173402Z,1.75,base,c9fff70b9f960bdb0c484fe0c2c1bed9d697bbaf,build/merge_base/,CPU,qwen3-0.6b-int8-text-only,model_cache/qwen3-0.6b-int8,add_request,true,n/a:no_pytest,n/a:no_pytest,one_path.py,COMPLETED,0,none,STEP finished after 1 step(s),n/a:textonly_sweep,n/a:textonly_sweep,n/a:textonly_sweep,n/a:textonly_sweep,n/a:textonly_sweep,n/a:textonly_sweep,n/a:textonly_sweep,n/a:textonly_sweep,n/a:textonly_sweep,n/a:textonly_sweep,n/a:textonly_sweep,n/a:textonly_sweep,n/a:textonly_sweep,n/a:textonly_sweep,80f675b26b6650e7a8aaabe3c1e25bf61d7c0cd08de8c0bf449e840dcc167c64,RESULT decoded='Unique sampler prompt sentinel 4368\n\n',n/a:textonly_sweep,n/a:textonly_sweep,n/a:textonly_sweep,Release,Ninja,824033c3061d73d50784872248cdb55aa04674aa,2026.5.0.dev20260903,5.0.0,2.2.0.dev0+4f1a926,32.0.101.8991,base_qwen3-0.6b-int8-text-only_CPU_add_request_echotrue_rep3_20260907T173402Z.txt
textonly_sweep,base_qwen3-0.6b-int8-text-only_CPU_string_echofalse,1,20260907T173404Z,1.76,base,c9fff70b9f960bdb0c484fe0c2c1bed9d697bbaf,build/merge_base/,CPU,qwen3-0.6b-int8-text-only,model_cache/qwen3-0.6b-int8,string,false,n/a:no_pytest,n/a:no_pytest,one_path.py,COMPLETED,0,none,STEP generate(list[str]),n/a:textonly_sweep,n/a:textonly_sweep,n/a:textonly_sweep,n/a:textonly_sweep,n/a:textonly_sweep,n/a:textonly_sweep,n/a:textonly_sweep,n/a:textonly_sweep,n/a:textonly_sweep,n/a:textonly_sweep,n/a:textonly_sweep,n/a:textonly_sweep,n/a:textonly_sweep,n/a:textonly_sweep,d3d2593ac65485299925b3efec64870cac127351b39b2bb19f117774812e2ccc,RESULT text='<think>',n/a:textonly_sweep,n/a:textonly_sweep,n/a:textonly_sweep,Release,Ninja,824033c3061d73d50784872248cdb55aa04674aa,2026.5.0.dev20260903,5.0.0,2.2.0.dev0+4f1a926,32.0.101.8991,base_qwen3-0.6b-int8-text-only_CPU_string_echofalse_rep1_20260907T173404Z.txt
textonly_sweep,base_qwen3-0.6b-int8-text-only_CPU_string_echofalse,2,20260907T173406Z,1.78,base,c9fff70b9f960bdb0c484fe0c2c1bed9d697bbaf,build/merge_base/,CPU,qwen3-0.6b-int8-text-only,model_cache/qwen3-0.6b-int8,string,false,n/a:no_pytest,n/a:no_pytest,one_path.py,COMPLETED,0,none,STEP generate(list[str]),n/a:textonly_sweep,n/a:textonly_sweep,n/a:textonly_sweep,n/a:textonly_sweep,n/a:textonly_sweep,n/a:textonly_sweep,n/a:textonly_sweep,n/a:textonly_sweep,n/a:textonly_sweep,n/a:textonly_sweep,n/a:textonly_sweep,n/a:textonly_sweep,n/a:textonly_sweep,n/a:textonly_sweep,d3d2593ac65485299925b3efec64870cac127351b39b2bb19f117774812e2ccc,RESULT text='<think>',n/a:textonly_sweep,n/a:textonly_sweep,n/a:textonly_sweep,Release,Ninja,824033c3061d73d50784872248cdb55aa04674aa,2026.5.0.dev20260903,5.0.0,2.2.0.dev0+4f1a926,32.0.101.8991,base_qwen3-0.6b-int8-text-only_CPU_string_echofalse_rep2_20260907T173406Z.txt
textonly_sweep,base_qwen3-0.6b-int8-text-only_CPU_string_echofalse,3,20260907T173408Z,1.8,base,c9fff70b9f960bdb0c484fe0c2c1bed9d697bbaf,build/merge_base/,CPU,qwen3-0.6b-int8-text-only,model_cache/qwen3-0.6b-int8,string,false,n/a:no_pytest,n/a:no_pytest,one_path.py,COMPLETED,0,none,STEP generate(list[str]),n/a:textonly_sweep,n/a:textonly_sweep,n/a:textonly_sweep,n/a:textonly_sweep,n/a:textonly_sweep,n/a:textonly_sweep,n/a:textonly_sweep,n/a:textonly_sweep,n/a:textonly_sweep,n/a:textonly_sweep,n/a:textonly_sweep,n/a:textonly_sweep,n/a:textonly_sweep,n/a:textonly_sweep,d3d2593ac65485299925b3efec64870cac127351b39b2bb19f117774812e2ccc,RESULT text='<think>',n/a:textonly_sweep,n/a:textonly_sweep,n/a:textonly_sweep,Release,Ninja,824033c3061d73d50784872248cdb55aa04674aa,2026.5.0.dev20260903,5.0.0,2.2.0.dev0+4f1a926,32.0.101.8991,base_qwen3-0.6b-int8-text-only_CPU_string_echofalse_rep3_20260907T173408Z.txt
textonly_sweep,base_qwen3-0.6b-int8-text-only_CPU_chat_history_echofalse,1,20260907T173409Z,1.76,base,c9fff70b9f960bdb0c484fe0c2c1bed9d697bbaf,build/merge_base/,CPU,qwen3-0.6b-int8-text-only,model_cache/qwen3-0.6b-int8,chat_history,false,n/a:no_pytest,n/a:no_pytest,one_path.py,COMPLETED,0,none,STEP generate(list[ChatHistory]),n/a:textonly_sweep,n/a:textonly_sweep,n/a:textonly_sweep,n/a:textonly_sweep,n/a:textonly_sweep,n/a:textonly_sweep,n/a:textonly_sweep,n/a:textonly_sweep,n/a:textonly_sweep,n/a:textonly_sweep,n/a:textonly_sweep,n/a:textonly_sweep,n/a:textonly_sweep,n/a:textonly_sweep,d3d2593ac65485299925b3efec64870cac127351b39b2bb19f117774812e2ccc,RESULT text='<think>',n/a:textonly_sweep,n/a:textonly_sweep,n/a:textonly_sweep,Release,Ninja,824033c3061d73d50784872248cdb55aa04674aa,2026.5.0.dev20260903,5.0.0,2.2.0.dev0+4f1a926,32.0.101.8991,base_qwen3-0.6b-int8-text-only_CPU_chat_history_echofalse_rep1_20260907T173409Z.txt
textonly_sweep,base_qwen3-0.6b-int8-text-only_CPU_chat_history_echofalse,2,20260907T173411Z,1.78,base,c9fff70b9f960bdb0c484fe0c2c1bed9d697bbaf,build/merge_base/,CPU,qwen3-0.6b-int8-text-only,model_cache/qwen3-0.6b-int8,chat_history,false,n/a:no_pytest,n/a:no_pytest,one_path.py,COMPLETED,0,none,STEP generate(list[ChatHistory]),n/a:textonly_sweep,n/a:textonly_sweep,n/a:textonly_sweep,n/a:textonly_sweep,n/a:textonly_sweep,n/a:textonly_sweep,n/a:textonly_sweep,n/a:textonly_sweep,n/a:textonly_sweep,n/a:textonly_sweep,n/a:textonly_sweep,n/a:textonly_sweep,n/a:textonly_sweep,n/a:textonly_sweep,d3d2593ac65485299925b3efec64870cac127351b39b2bb19f117774812e2ccc,RESULT text='<think>',n/a:textonly_sweep,n/a:textonly_sweep,n/a:textonly_sweep,Release,Ninja,824033c3061d73d50784872248cdb55aa04674aa,2026.5.0.dev20260903,5.0.0,2.2.0.dev0+4f1a926,32.0.101.8991,base_qwen3-0.6b-int8-text-only_CPU_chat_history_echofalse_rep2_20260907T173411Z.txt
textonly_sweep,base_qwen3-0.6b-int8-text-only_CPU_chat_history_echofalse,3,20260907T173413Z,1.78,base,c9fff70b9f960bdb0c484fe0c2c1bed9d697bbaf,build/merge_base/,CPU,qwen3-0.6b-int8-text-only,model_cache/qwen3-0.6b-int8,chat_history,false,n/a:no_pytest,n/a:no_pytest,one_path.py,COMPLETED,0,none,STEP generate(list[ChatHistory]),n/a:textonly_sweep,n/a:textonly_sweep,n/a:textonly_sweep,n/a:textonly_sweep,n/a:textonly_sweep,n/a:textonly_sweep,n/a:textonly_sweep,n/a:textonly_sweep,n/a:textonly_sweep,n/a:textonly_sweep,n/a:textonly_sweep,n/a:textonly_sweep,n/a:textonly_sweep,n/a:textonly_sweep,d3d2593ac65485299925b3efec64870cac127351b39b2bb19f117774812e2ccc,RESULT text='<think>',n/a:textonly_sweep,n/a:textonly_sweep,n/a:textonly_sweep,Release,Ninja,824033c3061d73d50784872248cdb55aa04674aa,2026.5.0.dev20260903,5.0.0,2.2.0.dev0+4f1a926,32.0.101.8991,base_qwen3-0.6b-int8-text-only_CPU_chat_history_echofalse_rep3_20260907T173413Z.txt
textonly_sweep,base_qwen3-0.6b-int8-text-only_CPU_add_request_echofalse,1,20260907T173415Z,1.73,base,c9fff70b9f960bdb0c484fe0c2c1bed9d697bbaf,build/merge_base/,CPU,qwen3-0.6b-int8-text-only,model_cache/qwen3-0.6b-int8,add_request,false,n/a:no_pytest,n/a:no_pytest,one_path.py,COMPLETED,0,none,STEP finished after 1 step(s),n/a:textonly_sweep,n/a:textonly_sweep,n/a:textonly_sweep,n/a:textonly_sweep,n/a:textonly_sweep,n/a:textonly_sweep,n/a:textonly_sweep,n/a:textonly_sweep,n/a:textonly_sweep,n/a:textonly_sweep,n/a:textonly_sweep,n/a:textonly_sweep,n/a:textonly_sweep,n/a:textonly_sweep,199ffaac19b93fa32eb37aed4ab5f30b992f502716c8ccc61c232f7e82dc8d03,RESULT decoded='\n\n',n/a:textonly_sweep,n/a:textonly_sweep,n/a:textonly_sweep,Release,Ninja,824033c3061d73d50784872248cdb55aa04674aa,2026.5.0.dev20260903,5.0.0,2.2.0.dev0+4f1a926,32.0.101.8991,base_qwen3-0.6b-int8-text-only_CPU_add_request_echofalse_rep1_20260907T173415Z.txt
textonly_sweep,base_qwen3-0.6b-int8-text-only_CPU_add_request_echofalse,2,20260907T173416Z,1.77,base,c9fff70b9f960bdb0c484fe0c2c1bed9d697bbaf,build/merge_base/,CPU,qwen3-0.6b-int8-text-only,model_cache/qwen3-0.6b-int8,add_request,false,n/a:no_pytest,n/a:no_pytest,one_path.py,COMPLETED,0,none,STEP finished after 1 step(s),n/a:textonly_sweep,n/a:textonly_sweep,n/a:textonly_sweep,n/a:textonly_sweep,n/a:textonly_sweep,n/a:textonly_sweep,n/a:textonly_sweep,n/a:textonly_sweep,n/a:textonly_sweep,n/a:textonly_sweep,n/a:textonly_sweep,n/a:textonly_sweep,n/a:textonly_sweep,n/a:textonly_sweep,199ffaac19b93fa32eb37aed4ab5f30b992f502716c8ccc61c232f7e82dc8d03,RESULT decoded='\n\n',n/a:textonly_sweep,n/a:textonly_sweep,n/a:textonly_sweep,Release,Ninja,824033c3061d73d50784872248cdb55aa04674aa,2026.5.0.dev20260903,5.0.0,2.2.0.dev0+4f1a926,32.0.101.8991,base_qwen3-0.6b-int8-text-only_CPU_add_request_echofalse_rep2_20260907T173416Z.txt
textonly_sweep,base_qwen3-0.6b-int8-text-only_CPU_add_request_echofalse,3,20260907T173418Z,1.76,base,c9fff70b9f960bdb0c484fe0c2c1bed9d697bbaf,build/merge_base/,CPU,qwen3-0.6b-int8-text-only,model_cache/qwen3-0.6b-int8,add_request,false,n/a:no_pytest,n/a:no_pytest,one_path.py,COMPLETED,0,none,STEP finished after 1 step(s),n/a:textonly_sweep,n/a:textonly_sweep,n/a:textonly_sweep,n/a:textonly_sweep,n/a:textonly_sweep,n/a:textonly_sweep,n/a:textonly_sweep,n/a:textonly_sweep,n/a:textonly_sweep,n/a:textonly_sweep,n/a:textonly_sweep,n/a:textonly_sweep,n/a:textonly_sweep,n/a:textonly_sweep,199ffaac19b93fa32eb37aed4ab5f30b992f502716c8ccc61c232f7e82dc8d03,RESULT decoded='\n\n',n/a:textonly_sweep,n/a:textonly_sweep,n/a:textonly_sweep,Release,Ninja,824033c3061d73d50784872248cdb55aa04674aa,2026.5.0.dev20260903,5.0.0,2.2.0.dev0+4f1a926,32.0.101.8991,base_qwen3-0.6b-int8-text-only_CPU_add_request_echofalse_rep3_20260907T173418Z.txt
textonly_sweep,prhead_qwen3-0.6b-int8-text-only_CPU_string_echotrue,1,20260907T173420Z,1.8,prhead,e6fced66b1b8ccc685fe9ce8c10f199f5c095418,build/pr_head/,CPU,qwen3-0.6b-int8-text-only,model_cache/qwen3-0.6b-int8,string,true,n/a:no_pytest,n/a:no_pytest,one_path.py,COMPLETED,0,none,STEP generate(list[str]),n/a:textonly_sweep,n/a:textonly_sweep,n/a:textonly_sweep,n/a:textonly_sweep,n/a:textonly_sweep,n/a:textonly_sweep,n/a:textonly_sweep,n/a:textonly_sweep,n/a:textonly_sweep,n/a:textonly_sweep,n/a:textonly_sweep,n/a:textonly_sweep,n/a:textonly_sweep,n/a:textonly_sweep,35a345bc860852c218a513ec2a0f8932ec1ac1ab3f0aee364eef61c06710497f,RESULT text='user\nUnique sampler prompt sentinel 4368\nassistant\n<think>',n/a:textonly_sweep,n/a:textonly_sweep,n/a:textonly_sweep,Release,Ninja,824033c3061d73d50784872248cdb55aa04674aa,2026.5.0.dev20260903,5.0.0,2.2.0.dev0+4f1a926,32.0.101.8991,prhead_qwen3-0.6b-int8-text-only_CPU_string_echotrue_rep1_20260907T173420Z.txt
textonly_sweep,prhead_qwen3-0.6b-int8-text-only_CPU_string_echotrue,2,20260907T173422Z,1.78,prhead,e6fced66b1b8ccc685fe9ce8c10f199f5c095418,build/pr_head/,CPU,qwen3-0.6b-int8-text-only,model_cache/qwen3-0.6b-int8,string,true,n/a:no_pytest,n/a:no_pytest,one_path.py,COMPLETED,0,none,STEP generate(list[str]),n/a:textonly_sweep,n/a:textonly_sweep,n/a:textonly_sweep,n/a:textonly_sweep,n/a:textonly_sweep,n/a:textonly_sweep,n/a:textonly_sweep,n/a:textonly_sweep,n/a:textonly_sweep,n/a:textonly_sweep,n/a:textonly_sweep,n/a:textonly_sweep,n/a:textonly_sweep,n/a:textonly_sweep,35a345bc860852c218a513ec2a0f8932ec1ac1ab3f0aee364eef61c06710497f,RESULT text='user\nUnique sampler prompt sentinel 4368\nassistant\n<think>',n/a:textonly_sweep,n/a:textonly_sweep,n/a:textonly_sweep,Release,Ninja,824033c3061d73d50784872248cdb55aa04674aa,2026.5.0.dev20260903,5.0.0,2.2.0.dev0+4f1a926,32.0.101.8991,prhead_qwen3-0.6b-int8-text-only_CPU_string_echotrue_rep2_20260907T173422Z.txt
textonly_sweep,prhead_qwen3-0.6b-int8-text-only_CPU_string_echotrue,3,20260907T173424Z,1.78,prhead,e6fced66b1b8ccc685fe9ce8c10f199f5c095418,build/pr_head/,CPU,qwen3-0.6b-int8-text-only,model_cache/qwen3-0.6b-int8,string,true,n/a:no_pytest,n/a:no_pytest,one_path.py,COMPLETED,0,none,STEP generate(list[str]),n/a:textonly_sweep,n/a:textonly_sweep,n/a:textonly_sweep,n/a:textonly_sweep,n/a:textonly_sweep,n/a:textonly_sweep,n/a:textonly_sweep,n/a:textonly_sweep,n/a:textonly_sweep,n/a:textonly_sweep,n/a:textonly_sweep,n/a:textonly_sweep,n/a:textonly_sweep,n/a:textonly_sweep,35a345bc860852c218a513ec2a0f8932ec1ac1ab3f0aee364eef61c06710497f,RESULT text='user\nUnique sampler prompt sentinel 4368\nassistant\n<think>',n/a:textonly_sweep,n/a:textonly_sweep,n/a:textonly_sweep,Release,Ninja,824033c3061d73d50784872248cdb55aa04674aa,2026.5.0.dev20260903,5.0.0,2.2.0.dev0+4f1a926,32.0.101.8991,prhead_qwen3-0.6b-int8-text-only_CPU_string_echotrue_rep3_20260907T173424Z.txt
textonly_sweep,prhead_qwen3-0.6b-int8-text-only_CPU_chat_history_echotrue,1,20260907T173425Z,1.8,prhead,e6fced66b1b8ccc685fe9ce8c10f199f5c095418,build/pr_head/,CPU,qwen3-0.6b-int8-text-only,model_cache/qwen3-0.6b-int8,chat_history,true,n/a:no_pytest,n/a:no_pytest,one_path.py,COMPLETED,0,none,STEP generate(list[ChatHistory]),n/a:textonly_sweep,n/a:textonly_sweep,n/a:textonly_sweep,n/a:textonly_sweep,n/a:textonly_sweep,n/a:textonly_sweep,n/a:textonly_sweep,n/a:textonly_sweep,n/a:textonly_sweep,n/a:textonly_sweep,n/a:textonly_sweep,n/a:textonly_sweep,n/a:textonly_sweep,n/a:textonly_sweep,35a345bc860852c218a513ec2a0f8932ec1ac1ab3f0aee364eef61c06710497f,RESULT text='user\nUnique sampler prompt sentinel 4368\nassistant\n<think>',n/a:textonly_sweep,n/a:textonly_sweep,n/a:textonly_sweep,Release,Ninja,824033c3061d73d50784872248cdb55aa04674aa,2026.5.0.dev20260903,5.0.0,2.2.0.dev0+4f1a926,32.0.101.8991,prhead_qwen3-0.6b-int8-text-only_CPU_chat_history_echotrue_rep1_20260907T173425Z.txt
textonly_sweep,prhead_qwen3-0.6b-int8-text-only_CPU_chat_history_echotrue,2,20260907T173427Z,1.78,prhead,e6fced66b1b8ccc685fe9ce8c10f199f5c095418,build/pr_head/,CPU,qwen3-0.6b-int8-text-only,model_cache/qwen3-0.6b-int8,chat_history,true,n/a:no_pytest,n/a:no_pytest,one_path.py,COMPLETED,0,none,STEP generate(list[ChatHistory]),n/a:textonly_sweep,n/a:textonly_sweep,n/a:textonly_sweep,n/a:textonly_sweep,n/a:textonly_sweep,n/a:textonly_sweep,n/a:textonly_sweep,n/a:textonly_sweep,n/a:textonly_sweep,n/a:textonly_sweep,n/a:textonly_sweep,n/a:textonly_sweep,n/a:textonly_sweep,n/a:textonly_sweep,35a345bc860852c218a513ec2a0f8932ec1ac1ab3f0aee364eef61c06710497f,RESULT text='user\nUnique sampler prompt sentinel 4368\nassistant\n<think>',n/a:textonly_sweep,n/a:textonly_sweep,n/a:textonly_sweep,Release,Ninja,824033c3061d73d50784872248cdb55aa04674aa,2026.5.0.dev20260903,5.0.0,2.2.0.dev0+4f1a926,32.0.101.8991,prhead_qwen3-0.6b-int8-text-only_CPU_chat_history_echotrue_rep2_20260907T173427Z.txt
textonly_sweep,prhead_qwen3-0.6b-int8-text-only_CPU_chat_history_echotrue,3,20260907T173429Z,1.78,prhead,e6fced66b1b8ccc685fe9ce8c10f199f5c095418,build/pr_head/,CPU,qwen3-0.6b-int8-text-only,model_cache/qwen3-0.6b-int8,chat_history,true,n/a:no_pytest,n/a:no_pytest,one_path.py,COMPLETED,0,none,STEP generate(list[ChatHistory]),n/a:textonly_sweep,n/a:textonly_sweep,n/a:textonly_sweep,n/a:textonly_sweep,n/a:textonly_sweep,n/a:textonly_sweep,n/a:textonly_sweep,n/a:textonly_sweep,n/a:textonly_sweep,n/a:textonly_sweep,n/a:textonly_sweep,n/a:textonly_sweep,n/a:textonly_sweep,n/a:textonly_sweep,35a345bc860852c218a513ec2a0f8932ec1ac1ab3f0aee364eef61c06710497f,RESULT text='user\nUnique sampler prompt sentinel 4368\nassistant\n<think>',n/a:textonly_sweep,n/a:textonly_sweep,n/a:textonly_sweep,Release,Ninja,824033c3061d73d50784872248cdb55aa04674aa,2026.5.0.dev20260903,5.0.0,2.2.0.dev0+4f1a926,32.0.101.8991,prhead_qwen3-0.6b-int8-text-only_CPU_chat_history_echotrue_rep3_20260907T173429Z.txt
textonly_sweep,prhead_qwen3-0.6b-int8-text-only_CPU_add_request_echotrue,1,20260907T173431Z,1.77,prhead,e6fced66b1b8ccc685fe9ce8c10f199f5c095418,build/pr_head/,CPU,qwen3-0.6b-int8-text-only,model_cache/qwen3-0.6b-int8,add_request,true,n/a:no_pytest,n/a:no_pytest,one_path.py,COMPLETED,0,none,STEP finished after 1 step(s),n/a:textonly_sweep,n/a:textonly_sweep,n/a:textonly_sweep,n/a:textonly_sweep,n/a:textonly_sweep,n/a:textonly_sweep,n/a:textonly_sweep,n/a:textonly_sweep,n/a:textonly_sweep,n/a:textonly_sweep,n/a:textonly_sweep,n/a:textonly_sweep,n/a:textonly_sweep,n/a:textonly_sweep,80f675b26b6650e7a8aaabe3c1e25bf61d7c0cd08de8c0bf449e840dcc167c64,RESULT decoded='Unique sampler prompt sentinel 4368\n\n',n/a:textonly_sweep,n/a:textonly_sweep,n/a:textonly_sweep,Release,Ninja,824033c3061d73d50784872248cdb55aa04674aa,2026.5.0.dev20260903,5.0.0,2.2.0.dev0+4f1a926,32.0.101.8991,prhead_qwen3-0.6b-int8-text-only_CPU_add_request_echotrue_rep1_20260907T173431Z.txt
textonly_sweep,prhead_qwen3-0.6b-int8-text-only_CPU_add_request_echotrue,2,20260907T173432Z,1.76,prhead,e6fced66b1b8ccc685fe9ce8c10f199f5c095418,build/pr_head/,CPU,qwen3-0.6b-int8-text-only,model_cache/qwen3-0.6b-int8,add_request,true,n/a:no_pytest,n/a:no_pytest,one_path.py,COMPLETED,0,none,STEP finished after 1 step(s),n/a:textonly_sweep,n/a:textonly_sweep,n/a:textonly_sweep,n/a:textonly_sweep,n/a:textonly_sweep,n/a:textonly_sweep,n/a:textonly_sweep,n/a:textonly_sweep,n/a:textonly_sweep,n/a:textonly_sweep,n/a:textonly_sweep,n/a:textonly_sweep,n/a:textonly_sweep,n/a:textonly_sweep,80f675b26b6650e7a8aaabe3c1e25bf61d7c0cd08de8c0bf449e840dcc167c64,RESULT decoded='Unique sampler prompt sentinel 4368\n\n',n/a:textonly_sweep,n/a:textonly_sweep,n/a:textonly_sweep,Release,Ninja,824033c3061d73d50784872248cdb55aa04674aa,2026.5.0.dev20260903,5.0.0,2.2.0.dev0+4f1a926,32.0.101.8991,prhead_qwen3-0.6b-int8-text-only_CPU_add_request_echotrue_rep2_20260907T173432Z.txt
textonly_sweep,prhead_qwen3-0.6b-int8-text-only_CPU_add_request_echotrue,3,20260907T173434Z,1.77,prhead,e6fced66b1b8ccc685fe9ce8c10f199f5c095418,build/pr_head/,CPU,qwen3-0.6b-int8-text-only,model_cache/qwen3-0.6b-int8,add_request,true,n/a:no_pytest,n/a:no_pytest,one_path.py,COMPLETED,0,none,STEP finished after 1 step(s),n/a:textonly_sweep,n/a:textonly_sweep,n/a:textonly_sweep,n/a:textonly_sweep,n/a:textonly_sweep,n/a:textonly_sweep,n/a:textonly_sweep,n/a:textonly_sweep,n/a:textonly_sweep,n/a:textonly_sweep,n/a:textonly_sweep,n/a:textonly_sweep,n/a:textonly_sweep,n/a:textonly_sweep,80f675b26b6650e7a8aaabe3c1e25bf61d7c0cd08de8c0bf449e840dcc167c64,RESULT decoded='Unique sampler prompt sentinel 4368\n\n',n/a:textonly_sweep,n/a:textonly_sweep,n/a:textonly_sweep,Release,Ninja,824033c3061d73d50784872248cdb55aa04674aa,2026.5.0.dev20260903,5.0.0,2.2.0.dev0+4f1a926,32.0.101.8991,prhead_qwen3-0.6b-int8-text-only_CPU_add_request_echotrue_rep3_20260907T173434Z.txt
textonly_sweep,prhead_qwen3-0.6b-int8-text-only_CPU_string_echofalse,1,20260907T173436Z,1.78,prhead,e6fced66b1b8ccc685fe9ce8c10f199f5c095418,build/pr_head/,CPU,qwen3-0.6b-int8-text-only,model_cache/qwen3-0.6b-int8,string,false,n/a:no_pytest,n/a:no_pytest,one_path.py,COMPLETED,0,none,STEP generate(list[str]),n/a:textonly_sweep,n/a:textonly_sweep,n/a:textonly_sweep,n/a:textonly_sweep,n/a:textonly_sweep,n/a:textonly_sweep,n/a:textonly_sweep,n/a:textonly_sweep,n/a:textonly_sweep,n/a:textonly_sweep,n/a:textonly_sweep,n/a:textonly_sweep,n/a:textonly_sweep,n/a:textonly_sweep,d3d2593ac65485299925b3efec64870cac127351b39b2bb19f117774812e2ccc,RESULT text='<think>',n/a:textonly_sweep,n/a:textonly_sweep,n/a:textonly_sweep,Release,Ninja,824033c3061d73d50784872248cdb55aa04674aa,2026.5.0.dev20260903,5.0.0,2.2.0.dev0+4f1a926,32.0.101.8991,prhead_qwen3-0.6b-int8-text-only_CPU_string_echofalse_rep1_20260907T173436Z.txt
textonly_sweep,prhead_qwen3-0.6b-int8-text-only_CPU_string_echofalse,2,20260907T173438Z,1.78,prhead,e6fced66b1b8ccc685fe9ce8c10f199f5c095418,build/pr_head/,CPU,qwen3-0.6b-int8-text-only,model_cache/qwen3-0.6b-int8,string,false,n/a:no_pytest,n/a:no_pytest,one_path.py,COMPLETED,0,none,STEP generate(list[str]),n/a:textonly_sweep,n/a:textonly_sweep,n/a:textonly_sweep,n/a:textonly_sweep,n/a:textonly_sweep,n/a:textonly_sweep,n/a:textonly_sweep,n/a:textonly_sweep,n/a:textonly_sweep,n/a:textonly_sweep,n/a:textonly_sweep,n/a:textonly_sweep,n/a:textonly_sweep,n/a:textonly_sweep,d3d2593ac65485299925b3efec64870cac127351b39b2bb19f117774812e2ccc,RESULT text='<think>',n/a:textonly_sweep,n/a:textonly_sweep,n/a:textonly_sweep,Release,Ninja,824033c3061d73d50784872248cdb55aa04674aa,2026.5.0.dev20260903,5.0.0,2.2.0.dev0+4f1a926,32.0.101.8991,prhead_qwen3-0.6b-int8-text-only_CPU_string_echofalse_rep2_20260907T173438Z.txt
textonly_sweep,prhead_qwen3-0.6b-int8-text-only_CPU_string_echofalse,3,20260907T173440Z,1.77,prhead,e6fced66b1b8ccc685fe9ce8c10f199f5c095418,build/pr_head/,CPU,qwen3-0.6b-int8-text-only,model_cache/qwen3-0.6b-int8,string,false,n/a:no_pytest,n/a:no_pytest,one_path.py,COMPLETED,0,none,STEP generate(list[str]),n/a:textonly_sweep,n/a:textonly_sweep,n/a:textonly_sweep,n/a:textonly_sweep,n/a:textonly_sweep,n/a:textonly_sweep,n/a:textonly_sweep,n/a:textonly_sweep,n/a:textonly_sweep,n/a:textonly_sweep,n/a:textonly_sweep,n/a:textonly_sweep,n/a:textonly_sweep,n/a:textonly_sweep,d3d2593ac65485299925b3efec64870cac127351b39b2bb19f117774812e2ccc,RESULT text='<think>',n/a:textonly_sweep,n/a:textonly_sweep,n/a:textonly_sweep,Release,Ninja,824033c3061d73d50784872248cdb55aa04674aa,2026.5.0.dev20260903,5.0.0,2.2.0.dev0+4f1a926,32.0.101.8991,prhead_qwen3-0.6b-int8-text-only_CPU_string_echofalse_rep3_20260907T173440Z.txt
textonly_sweep,prhead_qwen3-0.6b-int8-text-only_CPU_chat_history_echofalse,1,20260907T173441Z,1.8,prhead,e6fced66b1b8ccc685fe9ce8c10f199f5c095418,build/pr_head/,CPU,qwen3-0.6b-int8-text-only,model_cache/qwen3-0.6b-int8,chat_history,false,n/a:no_pytest,n/a:no_pytest,one_path.py,COMPLETED,0,none,STEP generate(list[ChatHistory]),n/a:textonly_sweep,n/a:textonly_sweep,n/a:textonly_sweep,n/a:textonly_sweep,n/a:textonly_sweep,n/a:textonly_sweep,n/a:textonly_sweep,n/a:textonly_sweep,n/a:textonly_sweep,n/a:textonly_sweep,n/a:textonly_sweep,n/a:textonly_sweep,n/a:textonly_sweep,n/a:textonly_sweep,d3d2593ac65485299925b3efec64870cac127351b39b2bb19f117774812e2ccc,RESULT text='<think>',n/a:textonly_sweep,n/a:textonly_sweep,n/a:textonly_sweep,Release,Ninja,824033c3061d73d50784872248cdb55aa04674aa,2026.5.0.dev20260903,5.0.0,2.2.0.dev0+4f1a926,32.0.101.8991,prhead_qwen3-0.6b-int8-text-only_CPU_chat_history_echofalse_rep1_20260907T173441Z.txt
textonly_sweep,prhead_qwen3-0.6b-int8-text-only_CPU_chat_history_echofalse,2,20260907T173443Z,1.78,prhead,e6fced66b1b8ccc685fe9ce8c10f199f5c095418,build/pr_head/,CPU,qwen3-0.6b-int8-text-only,model_cache/qwen3-0.6b-int8,chat_history,false,n/a:no_pytest,n/a:no_pytest,one_path.py,COMPLETED,0,none,STEP generate(list[ChatHistory]),n/a:textonly_sweep,n/a:textonly_sweep,n/a:textonly_sweep,n/a:textonly_sweep,n/a:textonly_sweep,n/a:textonly_sweep,n/a:textonly_sweep,n/a:textonly_sweep,n/a:textonly_sweep,n/a:textonly_sweep,n/a:textonly_sweep,n/a:textonly_sweep,n/a:textonly_sweep,n/a:textonly_sweep,d3d2593ac65485299925b3efec64870cac127351b39b2bb19f117774812e2ccc,RESULT text='<think>',n/a:textonly_sweep,n/a:textonly_sweep,n/a:textonly_sweep,Release,Ninja,824033c3061d73d50784872248cdb55aa04674aa,2026.5.0.dev20260903,5.0.0,2.2.0.dev0+4f1a926,32.0.101.8991,prhead_qwen3-0.6b-int8-text-only_CPU_chat_history_echofalse_rep2_20260907T173443Z.txt
textonly_sweep,prhead_qwen3-0.6b-int8-text-only_CPU_chat_history_echofalse,3,20260907T173445Z,1.8,prhead,e6fced66b1b8ccc685fe9ce8c10f199f5c095418,build/pr_head/,CPU,qwen3-0.6b-int8-text-only,model_cache/qwen3-0.6b-int8,chat_history,false,n/a:no_pytest,n/a:no_pytest,one_path.py,COMPLETED,0,none,STEP generate(list[ChatHistory]),n/a:textonly_sweep,n/a:textonly_sweep,n/a:textonly_sweep,n/a:textonly_sweep,n/a:textonly_sweep,n/a:textonly_sweep,n/a:textonly_sweep,n/a:textonly_sweep,n/a:textonly_sweep,n/a:textonly_sweep,n/a:textonly_sweep,n/a:textonly_sweep,n/a:textonly_sweep,n/a:textonly_sweep,d3d2593ac65485299925b3efec64870cac127351b39b2bb19f117774812e2ccc,RESULT text='<think>',n/a:textonly_sweep,n/a:textonly_sweep,n/a:textonly_sweep,Release,Ninja,824033c3061d73d50784872248cdb55aa04674aa,2026.5.0.dev20260903,5.0.0,2.2.0.dev0+4f1a926,32.0.101.8991,prhead_qwen3-0.6b-int8-text-only_CPU_chat_history_echofalse_rep3_20260907T173445Z.txt
textonly_sweep,prhead_qwen3-0.6b-int8-text-only_CPU_add_request_echofalse,1,20260907T173447Z,1.77,prhead,e6fced66b1b8ccc685fe9ce8c10f199f5c095418,build/pr_head/,CPU,qwen3-0.6b-int8-text-only,model_cache/qwen3-0.6b-int8,add_request,false,n/a:no_pytest,n/a:no_pytest,one_path.py,COMPLETED,0,none,STEP finished after 1 step(s),n/a:textonly_sweep,n/a:textonly_sweep,n/a:textonly_sweep,n/a:textonly_sweep,n/a:textonly_sweep,n/a:textonly_sweep,n/a:textonly_sweep,n/a:textonly_sweep,n/a:textonly_sweep,n/a:textonly_sweep,n/a:textonly_sweep,n/a:textonly_sweep,n/a:textonly_sweep,n/a:textonly_sweep,199ffaac19b93fa32eb37aed4ab5f30b992f502716c8ccc61c232f7e82dc8d03,RESULT decoded='\n\n',n/a:textonly_sweep,n/a:textonly_sweep,n/a:textonly_sweep,Release,Ninja,824033c3061d73d50784872248cdb55aa04674aa,2026.5.0.dev20260903,5.0.0,2.2.0.dev0+4f1a926,32.0.101.8991,prhead_qwen3-0.6b-int8-text-only_CPU_add_request_echofalse_rep1_20260907T173447Z.txt
textonly_sweep,prhead_qwen3-0.6b-int8-text-only_CPU_add_request_echofalse,2,20260907T173448Z,1.75,prhead,e6fced66b1b8ccc685fe9ce8c10f199f5c095418,build/pr_head/,CPU,qwen3-0.6b-int8-text-only,model_cache/qwen3-0.6b-int8,add_request,false,n/a:no_pytest,n/a:no_pytest,one_path.py,COMPLETED,0,none,STEP finished after 1 step(s),n/a:textonly_sweep,n/a:textonly_sweep,n/a:textonly_sweep,n/a:textonly_sweep,n/a:textonly_sweep,n/a:textonly_sweep,n/a:textonly_sweep,n/a:textonly_sweep,n/a:textonly_sweep,n/a:textonly_sweep,n/a:textonly_sweep,n/a:textonly_sweep,n/a:textonly_sweep,n/a:textonly_sweep,199ffaac19b93fa32eb37aed4ab5f30b992f502716c8ccc61c232f7e82dc8d03,RESULT decoded='\n\n',n/a:textonly_sweep,n/a:textonly_sweep,n/a:textonly_sweep,Release,Ninja,824033c3061d73d50784872248cdb55aa04674aa,2026.5.0.dev20260903,5.0.0,2.2.0.dev0+4f1a926,32.0.101.8991,prhead_qwen3-0.6b-int8-text-only_CPU_add_request_echofalse_rep2_20260907T173448Z.txt
textonly_sweep,prhead_qwen3-0.6b-int8-text-only_CPU_add_request_echofalse,3,20260907T173450Z,1.76,prhead,e6fced66b1b8ccc685fe9ce8c10f199f5c095418,build/pr_head/,CPU,qwen3-0.6b-int8-text-only,model_cache/qwen3-0.6b-int8,add_request,false,n/a:no_pytest,n/a:no_pytest,one_path.py,COMPLETED,0,none,STEP finished after 1 step(s),n/a:textonly_sweep,n/a:textonly_sweep,n/a:textonly_sweep,n/a:textonly_sweep,n/a:textonly_sweep,n/a:textonly_sweep,n/a:textonly_sweep,n/a:textonly_sweep,n/a:textonly_sweep,n/a:textonly_sweep,n/a:textonly_sweep,n/a:textonly_sweep,n/a:textonly_sweep,n/a:textonly_sweep,199ffaac19b93fa32eb37aed4ab5f30b992f502716c8ccc61c232f7e82dc8d03,RESULT decoded='\n\n',n/a:textonly_sweep,n/a:textonly_sweep,n/a:textonly_sweep,Release,Ninja,824033c3061d73d50784872248cdb55aa04674aa,2026.5.0.dev20260903,5.0.0,2.2.0.dev0+4f1a926,32.0.101.8991,prhead_qwen3-0.6b-int8-text-only_CPU_add_request_echofalse_rep3_20260907T173450Z.txt
